batch size,data parallel,model parallel,thread num,fifo size,End to end FPS,Hardware FPS,Total execution time(ms),Prepare input time(ms),Copyin time(ms),Execution time(ms),Copyout time(ms),Post process time(ms)
2,4,1,16,2,1851.46,4440.082,691752,1580.0238,2357.979188,5304.6864,88.1706,163.1444
2,1,1,32,2,1800.004,2307.088,711356,3140.2418,1788.037313,18466.3874,256.4344,295.034
1,4,1,16,2,1758.124,3963.07,728346.4,1681.9838,1638.407375,5896.8446,54.7878,191.9752
4,1,1,32,2,1734.432,2623.776,738976,3191.6264,1705.988375,16351.7836,299.2462,291.1022
4,4,1,16,2,1711.602,4733.214,748133.6,1689.8054,1980.888125,5075.3212,59.9784,167.546
2,8,1,16,2,1710.756,8530.696,748619.2,1563.887,3460.082875,3149.3774,89.3716,178.3524
1,8,1,16,2,1681.912,7717.758,761211.8,1644.3284,4313.498,3415.0598,48.4156,184.4636
1,1,1,32,2,1662.9675,2008.88,770801.25,3153.9415,1065.386312,21163.4675,67.935,284.03425
1,4,1,32,2,1643.042,7954.12,780435.2,3050.0844,1062.44525,5930.9234,114.6102,200.8484
4,1,1,16,2,1638.218,1879.358,781515.6,1600.3512,1163.624375,11679.195,83.0552,182.1638
2,4,1,32,2,1623.128,8885.158,789734.8,3177.252,1919.315625,5400.0762,816.0126,190.1786
8,1,1,32,2,1595.628,2872.766,803987.2,3130.7948,4780.777563,15064.7032,402.5244,318.1494
2,1,1,16,2,1572.668,1796.27,814335,1605.3652,9542.626625,12216.352,161.923,221.5882
8,1,1,16,2,1553.904,1892.376,823955.6,1639.9316,14512.764,11647.1,50.021,181.8956
2,2,1,16,2,1540.638,3338.104,830876.8,1519.11,691.7400625,6966.274,104.0412,162.7272
2,1,1,64,2,1533.61,4714.44,834634,12851.512,777.6071875,18211.052,2110.349,715.028
1,8,1,32,2,1530.442,15436.44,837310.4,3233.8224,997.262625,3490.9048,124.328,186.5132
4,2,1,16,2,1529.844,3513.81,836757.6,1705.8356,1919.770188,6665.3058,68.617,170.3632
1,1,1,16,2,1516.1725,1720.13,844427.25,1624.692,4870.536625,12750.6885,55.924,202.37425
8,1,4,16,2,1509.548,3426.16,848068,1619.57,9623.949375,6826.5568,59.9046,184.8316
4,2,2,16,2,1507.724,3411.516,849171.2,1636.033,13086.35525,6854.1666,71.9936,167.7006
4,1,4,16,2,1478.148,3205.678,866458,1599.465,682.5525,7257.6288,85.42,184.1682
8,2,2,16,2,1477.916,3680.82,866488.4,1585.0566,775.956125,6430.962,52.8688,186.8166
1,2,1,16,2,1465.32,3108.2475,873641.5,1600.669,963.643875,7462.9965,68.8645,187.405
1,16,1,16,2,1446.822,14178.18,884758,1748.798,2298.748563,2329.2814,35.3404,177.1922
1,1,1,64,2,1437.39,3802.12,890505,11251.102,5507.639125,22436.354,81.254,607.427
4,2,2,32,2,1434.592,6846.238,892492.8,3285.9974,10833.59325,6876.3374,447.288,202.4382
16,1,4,16,2,1433.302,3565.25,893159.2,1655.0766,18745.593,6637.6366,40.838,188.817
2,2,2,16,2,1431.012,3056.634,895926.4,1545.1014,703.12275,7606.342,117.5266,169.9802
2,2,1,32,2,1417.896,6690.158,903448,3079.7054,788.01455,7026.1796,380.2948,177.5208
4,4,2,16,2,1402.65,6810.23,913209,1645.9286,1224.0903,3921.1596,68.8344,185.9374
8,2,1,16,2,1400.354,3566.264,914065.4,1633.349,3315.2057,6657.2426,50.5592,181.2088
4,2,1,32,2,1399.102,7001.812,917250.8,3123.619,7279.75885,6767.4792,379.4026,198.9486
1,2,1,32,2,1395.874,6162.56,917440.6,2889.6658,14580.02905,7564.1816,95.9908,179.7616
4,4,4,16,2,1390.824,13122.4,921643,1582.425,24577.72775,2483.221,79.2018,180.0078
2,4,2,16,2,1387.096,6165.966,924804.6,1572.606,723.3293,4253.043,98.89,167.637
4,4,1,32,2,1386.638,7864.468,923932.4,3442.483,910.1119,6132.57,310.9042,184.236
8,2,4,16,2,1380.038,6547.286,929291,1643.4046,2121.79015,4058.5948,53.1998,182.2726
2,8,2,16,2,1373.28,12816.18,932274,1539.551,5180.1373,2530.6232,97.9742,175.1984
16,1,1,16,2,1371.972,1930.832,933912.2,1809.763,11114.36595,11541.6774,41.3484,189.5038
4,2,4,16,2,1361.072,6036.93,940674.2,1559.8736,21911.41987,4333.9674,75.7698,169.7148
2,2,2,32,2,1355.846,6181.854,945809.2,2831.9134,839.3079375,7574.7088,302.1616,187.7566
2,4,1,8,2,1353.74,2656.44,946627.6,1235.0512,874.053,4802.2334,75.1184,162.2232
4,1,4,32,2,1343.63,6326.162,953022.6,3296.2272,901.6540625,7430.2298,192.9682,316.331
2,8,1,32,2,1337.308,14202.52,957845.8,3680.2432,936.3423125,3841.9004,462.0686,182.049
8,1,4,32,2,1333.518,6843.944,962298,3375.3956,2146.005188,6947.762,250.6542,319.4384
4,1,2,16,2,1328.4,2813.77,963573.4,1487.4692,4438.37965,8242.2954,71.4648,180.0422
8,4,1,16,2,1325.424,4022.39,966556.8,1956.8476,2662.1695,6058.9056,60.3054,174.708
8,2,8,16,2,1323.19,12498.58,968098.6,1586.8048,658.70595,2608.9308,56.4562,182.673
4,2,4,8,2,1322.922,3010.776,968192.4,1247.9768,768.20025,4370.5966,68.0984,172.3458
8,1,8,16,2,1322.36,5859.476,969663.4,1627.0126,924.2379,4471.4618,62.827,185.3266
8,1,2,16,2,1314.114,2954.806,974085,1574.0618,1989.91435,7905.432,53.5602,188.9074
2,4,2,8,2,1313.502,3058.612,974691.8,1271.4754,4842.36895,4324.293,82.27,169.7906
2,2,1,8,2,1313.5,1758.57,975865.4,1252.6436,9470.8177,6799.2072,106.0192,166.8994
2,2,2,8,2,1311.254,1654.922,976654.2,1279.0628,13844.0935,7167.0502,124.6864,164.3932
16,1,8,16,2,1310.942,6316.106,977372.2,1561.0826,667.33095,4221.7292,47.6356,206.4672
16,1,1,32,2,1302.596,2381.388,986115.8,3386.345,795.61985,18194.0836,186.4938,330.4236
16,1,16,16,2,1298.362,12366.16,986971.8,1607.3914,919.16485,2647.4196,50.0502,196.719
1,4,1,8,2,1291.478,2528.936,991957.2,1281.8092,1982.04655,5041.6272,42.6074,223.3482
4,2,2,8,2,1291.382,1930.778,991451.4,1293.6646,4752.52955,6297.0556,63.313,171.4172
4,2,1,8,2,1288.85,1822.394,993397.6,1270.7464,9285.34925,6612.5416,66.0044,169.7306
4,1,4,8,2,1288.422,1661.074,993886.6,1290.0212,13104.7525,7162.4762,92.4214,197.1428
4,8,1,16,2,1283.906,7496.034,997333.2,2080.5448,683.2382,3729.5144,82.0664,169.8296
8,2,4,8,2,1282.09,3284.242,998999,1290.516,824.3847,4117.276,44.5888,183.9428
8,1,8,8,2,1280.084,2840.278,1000099.8,1275.5258,916.9247,4605.7436,53.8942,182.2406
2,8,1,8,2,1276.168,4413.688,1003754.8,1299.8264,2225.31275,3323.9406,65.7474,168.1484
4,2,4,32,2,1267.88,12164.78,1010317,3386.8932,5195.2156,4382.795,387.9336,204.5146
16,1,4,8,2,1265.926,1956.416,1011551.4,1311.334,10048.1699,6247.1054,40.3496,194.0744
1,8,1,8,2,1262.888,4126.564,1014452.8,1310.748,15297.444,3496.2314,35.0304,222.4294
8,1,2,8,2,1262.612,1507.518,1014060,1293.9568,712.80005,7807.09,52.557,184.1132
8,1,4,8,2,1261.992,1842.208,1015011.4,1311.8254,859.6792,6574.878,49.9802,187.845
8,2,8,8,2,1261.986,6346.28,1014586,1287.783,1441.1371,2628.9306,46.8822,176.9604
1,2,1,8,2,1258.735,1692.6125,1017498.25,1333.556,3703.7432,7067.9605,56.237,216.49175
2,4,2,32,2,1256.34,11824.64,1019458.8,3248.6598,7949.682,4484.906,535.826,206.5316
4,4,4,8,2,1252.124,6537.976,1022584,1306.4582,15443.5387,2589.077,52.2636,172.4986
2,16,1,16,2,1250.9,13593.08,1024011.8,2078.542,24399.70325,2530.8948,112.6968,161.178
2,8,2,8,2,1245.752,6601.034,1030240.8,1308.4406,646.4794,2581.7186,69.6902,170.4594
4,4,2,8,2,1244.544,3451.17,1031254.4,1273.4764,763.94365,3998.7444,54.861,174.4778
2,1,2,16,2,1242.996,2588.736,1029908,1431.4254,841.6727,8941.2856,147.4742,216.537
4,1,2,8,2,1242.626,1432.468,1030156,1312.176,898.44425,8178.8102,86.6564,193.8162
4,1,2,32,2,1241.592,5630.24,1031382,3014.2894,1380.86945,8306.914,186.5212,285.4796
2,16,1,8,2,1239.886,8354.186,1032857.4,1292.1648,2874.0513,2258.6476,65.1398,178.673
8,2,2,8,2,1239.37,2030.278,1033004,1304.5012,3432.116,6079.6304,49.1686,185.9746
16,1,2,16,2,1231.36,2991.054,1039714,1653.2966,645.38785,7887.201,45.4932,197.921
1,16,1,8,2,1229.702,7249.228,1042688,1320.0882,775.10325,2455.531,30.807,207.679
4,1,1,64,2,1228.24,5658.45,1042140,13545.717,903.90645,15519.592,655.284,801.145
16,1,16,8,2,1227.682,6013.346,1042652,1323.7094,2268.23445,2747.0794,40.8228,190.7254
16,1,8,8,2,1226.298,3137.472,1045028,1313.4006,4994.7275,4309.1764,40.152,186.199
1,4,1,64,2,1223.93,16696.6,1045810,13242.412,9196.182125,5952.189,366.124,221.797
2,1,2,32,2,1215.12,5225.032,1053524,2710.2376,9210.74925,8893.513,252.2394,274.4562
8,4,8,8,2,1209.744,13681.42,1058226,1350.2248,664.69945,1806.708,40.8074,176.6476
8,1,2,32,2,1204.82,5870.516,1065454,3344.68,793.33965,8043.0258,275.9216,332.6876
4,8,1,8,2,1203.254,4581.84,1064584,1367.8084,872.2847,3299.56,49.867,191.0474
1,2,1,64,2,1202.33,12259.6,1064600,14373.729,1867.6235,7746.706,247.125,185.597
4,8,4,8,2,1201.072,13326.56,1067474.8,1349.3966,4243.2777,1835.8846,50.6636,175.7718
2,1,2,8,2,1200.646,1344.948,1066126,1278.7304,7706.505,8679.9688,112.5224,170.1126
8,2,1,8,2,1199.716,1853.236,1067490,1294.8024,6884.393,6593.231,46.0876,185.2686
8,4,4,8,2,1187.752,6984.612,1078296,1348.6722,671.13425,2544.4978,41.8672,187.2308
8,1,8,32,2,1186.196,11321.72,1080572,3412.8526,793.52,4698.8348,273.2972,340.0106
4,4,1,8,2,1185.862,2823.056,1080716,1313.344,906.2691,4710.558,51.8978,174.4462
16,1,2,8,2,1183.698,1556.314,1081454,1335.0132,2240.95525,7661.8676,40.5406,194.596
16,2,8,8,2,1181.924,6840.986,1083918,1337.3874,4916.5874,2581.0782,38.556,191.3274
8,2,2,32,2,1178.44,6041.462,1086630,3414.2482,8830.617375,7866.6826,232.1694,188.0694
2,16,2,8,2,1175.178,12372.3,1089592,1350.1198,664.2179,1917.2618,63.1006,169.6054
4,8,2,8,2,1175.02,7093.662,1089600,1365.1994,743.7449,2533.2304,49.6768,187.1456
8,2,1,32,2,1170.076,6016.238,1094358,3439.8408,804.722,7902.8076,228.0202,193.3492
16,2,16,8,2,1161.168,13516.54,1104308,1401.9798,906.79365,1861.9108,43.666,191.4382
1,16,1,32,2,1160.62,23464.76,1103664,3719.141,1262.48495,2849.5138,130.5292,176.6716
8,4,2,8,2,1155.296,3688.69,1110438,1367.6724,2191.6734,3887.0296,42.0158,194.0212
1,32,1,8,2,1149.4,12236.86,1114276,1374.0682,9280.26275,1951.1052,33.6006,200.4694
2,2,1,64,2,1143.47,13578.9,1119400,13005.344,654.56975,7152.307,1086.688,200.135
16,2,4,8,2,1137.586,3521.244,1126330,1394.025,755.80265,4034.5592,41.6604,191.603
8,4,1,8,2,1130.85,2850.422,1132412,1342.4356,1006.6057,4726.1642,42.2858,193.202
32,1,16,8,2,1122.098,6451.44,1143150,1484.7464,2540.8825,2730.833,37.1926,199.9248
16,2,8,16,2,1120.294,11544.78,1144764,2035.4826,4844.418375,2920.2058,63.0324,178.053
16,1,4,32,2,1119.1,5854.12,1145616,3472.4974,7309.357625,8143.4692,167.344,290.0234
16,2,2,16,2,1119.006,3152.012,1143968,2189.6828,666.875,7641.5994,53.6918,193.1224
4,4,2,32,2,1118.952,11191.5,1144844,3340.4966,744.31765,4806.449,318.1702,194.2108
32,1,32,8,2,1116.752,12845.66,1147498,1514.1978,869.02215,1944.6664,35.677,191.0604
16,2,2,8,2,1110.15,2101.102,1153606,1401.833,1988.0127,6029.4108,39.6714,201.3296
8,4,2,16,2,1105.678,5937.07,1158206,2032.5798,4052.60585,4608.431,67.0108,185.5824
8,4,4,16,2,1103.754,11591.3,1159958,1973.247,5669.64675,2927.1542,69.2344,190.6006
32,1,4,8,2,1102.17,1989.112,1163350,1463.5394,683.2414,6313.1138,37.392,194.301
4,4,4,32,2,1097.656,21590.92,1166650,3556.2472,769.38305,3064.85,309.0066,193.7882
4,8,2,16,2,1096.984,11597.1,1167194,2073.4676,834.06615,2934.0226,99.3912,191.6242
32,1,4,16,2,1095.154,3109.01,1170782,2285.5056,928.20815,7761.2764,46.615,194.9944
32,1,8,8,2,1094.4072,3368.084,1177504,1539.4242,1206.818,4218.6252,37.441,193.7992
8,2,4,32,2,1086.916,10878.92,1178818,3451.3804,2379.67715,4944.9816,225.3496,193.1392
8,4,8,16,2,1081.872,22761.14,1184108,2051.2246,10571.16625,2083.8928,68.9376,174.618
16,2,4,16,2,1078.186,5682.71,1188512,2099.9118,678.7797,4793.8752,54.6692,184.0324
16,2,1,8,2,1077.136,1864.01,1190630,1429.369,783.2438,6684.3006,43.5266,190.042
2,2,2,64,2,1075.7,12955.3,1189920,13185.352,1458.6958,7513.194,1121.911,207.318
2,1,2,64,2,1072.71,10406,1193240,13482.936,3152.1375,9065.658,758.783,791.504
2,8,2,32,2,1069.898,21279.52,1197542,3629.5496,4725.550375,3123.0436,382.0528,188.5318
16,2,1,16,2,1066.952,2988.066,1200422,2138.7958,712.42625,8056.9988,53.3958,198.0634
8,2,8,32,2,1066.126,20893.56,1201926,3272.6472,754.25905,3165.7506,212.3928,189.501
32,1,2,8,2,1065.084,1551.766,1201962,1391.439,852.81845,7801.03,37.1468,201.3898
4,8,4,16,2,1057.024,22117.76,1211060,2049.8384,985.30275,2137.0244,88.1994,181.3268
32,1,8,16,2,1055.865,5482.22,1216248,2192.2198,1310.7382,4954.0252,53.7004,196.116
16,1,8,32,2,1053.4876,10426.98,1215922,3233.8342,2971.4759,5144.2802,151.6934,291.9914
16,1,16,32,2,1044.205,20382.2,1227530,3723.31,12354.08675,3241.766,171.967,297.538
4,1,4,64,2,1043.21,12865.3,1226990,14475.666,1651.026,7594.485,682.377,888.956
2,16,2,16,2,1032.9758,20495.92,1240550,1950.4038,1613.0427,2239.78,116.9104,170.0278
16,2,16,16,2,1029.3752,22478.96,1247058,2575.9176,1537.51025,2158.1478,66.1238,184.0312
32,1,1,16,2,1023.9534,1606.772,1254016,2229.008,1645.7615,14001.1172,53.331,195.143
32,1,32,16,2,1013.6732,21405.34,1265374,2176.4804,1832.8308,2222.1582,59.5472,196.7188
16,1,32,8,2,1012.996,9106.842,1263648,1348.8156,2784.2318,2388.0784,39.7898,185.6574
4,16,1,8,2,1011.498,7420.852,1265494,1705.1794,875.411,2645.4342,64.9618,186.7946
32,1,16,16,2,1010.3284,10744.4,1270312,2280.6446,793.76165,3180.899,62.7358,201.4372
16,1,2,32,2,1008.4212,4983.02,1269654,3539.4172,903.83885,9489.6616,147.3828,301.461
8,8,1,8,2,998.0216,3837.01,1282976,1680.1214,933.11555,3951.8542,51.4334,192.8758
16,1,32,16,2,992.4365,18214.25,1290210,1636.3605,1146.90145,2414.604,49.195,197.6395
4,1,2,64,2,984.846,11491.8,1299700,14610.183,2878.23625,8428.266,527.32,803.924
1,32,1,16,2,984.658,20221.64,1300530,2183.42,5524.1327,2313.3382,54.0516,173.9802
8,4,1,32,2,977.7828,5958.29,1313672,4368.2682,4828.6795,8188.6422,230.3328,179.3042
4,8,1,32,2,977.6526,11242.92,1311468,4473.6438,652.4964,4954.715,312.1306,174.7066
8,1,1,8,2,973.6236,1052.438,1314688,1403.859,805.46805,11044.5058,53.5348,199.0708
4,1,1,8,2,971.7328,1040.372,1317352,1374.2398,878.94,11160.0116,84.5628,191.6606
32,1,2,16,2,968.0678,2523.074,1323220,2192.2492,1627.57975,9440.3536,52.5716,205.6052
4,1,8,8,2,967.5592,2030.376,1323062,1374.3072,4103.44475,6366.937,96.698,188.1546
2,32,1,8,2,965.4804,12466.64,1325916,1701.9526,7865.24975,2147.3314,93.9392,192.1622
4,1,8,16,2,964.6738,4020.84,1327010,1537.1836,9810.888,6420.7754,85.4202,186.81
2,1,4,8,2,961.7178,1029.756,1331126,1356.0086,661.438,11275.977,132.704,182.2282
16,4,1,8,2,955.33,2232.438,1340460,1713.0768,807.309,5929.3864,47.2248,193.2656
2,1,4,16,2,952.496,1954.574,1343862,1426.632,851.41675,11821.9474,137.9904,199.1282
2,1,1,8,2,950.5896,1018.246,1346684,1316.5612,1932.79845,11403.201,117.3882,175.0066
8,8,2,8,2,948.987,6090.34,1349310,1668.2888,4589.75595,3031.042,52.642,202.7424
16,4,4,8,2,945.3154,6036.618,1354102,1683.1658,8952.1564,3050.7292,45.28,189.939
4,16,2,8,2,940.8824,11629.4,1361044,1663.2544,13183.23575,2241.581,66.704,182.3074
16,1,1,8,2,931.6554,1055.112,1374198,1424.6204,678.03085,11079.474,46.2626,205.8926
16,4,8,8,2,931.4422,12107.06,1374538,1760.006,816.68565,2220.3304,50.7904,193.2312
2,16,1,32,2,930.8808,20380.62,1375620,4590.7562,954.9409,3385.4112,447.1138,160.2196
8,8,4,8,2,929.9416,11920.48,1377552,1775.161,2526.85235,2236.5898,56.7468,190.0392
4,2,8,8,2,926.7438,3922.394,1381246,1349.2342,5742.0166,3992.1124,76.1506,181.2526
32,2,16,8,2,923.6854,11841.44,1386252,1821.8688,11279.115,2251.0242,43.1914,203.5386
4,1,8,32,2,921.0722,8098.346,1390210,3226.1652,15461.57475,6448.6744,160.4026,290.9488
4,2,8,16,2,915.7434,7878.724,1397968,1646.7258,701.427,3997.5092,85.757,185.8554
16,4,2,8,2,914.041,3134.808,1400606,1777.7044,832.65745,4667.3784,47.959,189.887
32,1,1,32,2,911.6988,1773.274,1415902,5086.8526,1277.71685,24577.787,79.286,179.0796
2,2,4,16,2,907.5838,3798.438,1410768,1615.908,3390.46355,6804.4766,116.012,171.6966
2,2,4,8,2,906.3524,1880.84,1412538,1363.3486,7363.54245,6858.0934,128.8588,178.418
64,1,32,8,2,905.7494,11525.32,1415786,1942.8602,14168.92875,2304.2824,47.0162,201.4952
4,2,8,32,2,905.739,15903.3,1413405,3254.796,773.00465,3989.2445,243.405,201.411
1,1,1,8,2,905.06875,986.7305,1414455,1433.522,819.7567,11792.33575,50.5145,192.0345
2,4,1,64,2,903.888,15436.9,1416100,13325.31,818.1313,6722.865,1305.973,206.958
2,1,4,32,2,903.2618,3897.104,1417120,3079.5374,878.90845,11927.6808,175.12,271.062
8,2,16,8,2,901.6564,8028.83,1419632,1373.6156,1880.84955,2695.0454,51.365,193.1064
8,1,16,8,2,901.273,3803.366,1420296,1404.4612,3495.0759,4112.7474,53.8006,197.2092
8,1,1,64,2,899.472,5043.69,1423060,13506.375,3415.69875,17665.151,559.446,1068.183
2,4,4,8,2,891.8506,3749.93,1435506,1336.942,634.6831,4166.6106,93.7862,172.413
8,8,1,16,2,891.6296,5733.972,1435896,2673.4656,762.80875,5007.7294,102.705,190.5494
32,2,8,8,2,890.7664,5831.598,1446122,2030.306,810.29755,3202.878,50.545,195.938
8,8,1,32,2,889.1816,11441.5,1443652,3695.0218,912.6466,5023.6796,117.31,193.9946
16,4,1,16,2,888.6942,3046.642,1444116,2940.668,2132.5142,8170.9338,71.9966,184.6162
2,4,4,16,2,886.4078,7551.532,1444772,1616.0066,4006.23935,4157.4286,100.5566,177.8988
4,2,1,64,2,886.187,11710.4,1444390,12106.933,4116.44725,8439.882,882.433,188.829
8,2,16,16,2,885.584,16085.45,1445380,1590.4675,646.22245,2718.583,57.442,188.268
32,2,4,8,2,885.1546,3003.744,1451462,1936.91,772.64925,4860.9444,42.4946,205.5854
1,8,1,64,2,885.082,26137.3,1446190,12713.331,813.90115,4580.405,507.1,167.606
64,1,16,8,2,878.3468,5720.85,1460788,1836.1572,1732.1038,3251.4084,45.66,210.6468
16,4,1,32,2,878.157,6110.132,1459294,4739.5688,3882.3815,8163.5472,107.7076,198.0074
8,1,16,16,2,873.4236,7592.79,1465618,1814.4746,6863.1462,4162.9752,58.6414,199.7054
2,2,4,32,2,872.18,7619.472,1467964,3224.344,5608.3955,6844.5626,228.2848,186.712
4,16,1,32,2,870.297,22105.02,1475430,3661.3866,653.9649,3328.452,170.4938,187.7278
2,1,4,64,2,866.085,7886.49,1477920,11574.349,785.3352,11865.298,425.366,677.057
32,2,1,8,2,865.4252,1538.376,1482860,1789.3522,817.62555,8139.574,42.5542,189.0814
32,2,2,8,2,864.6802,1665.978,1481934,1863.8422,1956.05935,7629.0798,40.6446,193.0826
2,1,8,16,2,863.8562,3552.408,1481808,1443.0574,4312.13285,7247.2684,133.8408,195.9996
8,1,16,32,2,863.278,15383.25,1482725,3016.963,7847.35075,4145.505,156.9715,337.568
2,1,8,8,2,862.2792,1775.594,1484534,1365.5154,6835.59275,7251.9852,123.5422,188.0294
8,1,32,8,2,862.1552,7437.968,1484662,1432.2354,660.532,2861.3876,56.0676,196.866
1,1,4,8,2,859.756,919.275,1488850,1430.9895,797.3589,12629.21225,63.78025,197.44375
4,16,1,16,2,855.0068,11072.3,1497898,2944.6232,1032.63775,3347.5764,130.4908,180.9266
64,1,8,8,2,853.4228,2841.298,1504446,1943.745,2661.5324,5112.6132,39.7252,208.0594
1,1,2,16,2,852.55225,1746.6075,1501380,1500.703,5704.2377,13227.0345,58.3365,223.0735
2,4,4,32,2,850.9595,14982.15,1504330,3014.8625,10166.4725,4238.2585,313.297,180.6205
16,2,2,32,2,849.6376,4704.404,1507198,4651.3642,655.50285,10214.5192,161.4632,179.8838
1,4,4,8,2,848.5652,3536.972,1508536,1434.1362,738.7441,4403.8344,57.5892,199.207
1,1,2,8,2,847.772,907.198,1509860,1468.47725,795.79585,12797.615,59.842,194.0675
1,1,4,16,2,847.617,1729.3475,1510225,1447.71725,852.0947,13353.38775,58.15575,217.843
32,1,1,8,2,847.3184,1056.372,1510970,1393.928,1122.63025,11204.6958,39.2968,209.1468
4,4,8,8,2,843.483,7451.056,1517630,1402.5284,2378.519,2891.9344,63.4916,189.3848
64,1,4,8,2,842.9338,1628.058,1524640,1946.0914,8603.80575,7816.5814,36.4292,196.6702
8,1,32,16,2,842.5775,14876,1519190,1868.6855,665.89015,2895.9065,86.053,210.141
4,1,16,8,2,841.7716,3522.506,1520974,1411.694,738.47555,4428.272,84.1838,205.9246
4,2,2,64,2,840.142,12351.4,1523550,13178.178,838.77335,8156.02,951.302,193.34
1,1,2,32,2,837.91325,3502.6925,1527770,2772.104,894.416,13221.9715,60.17775,296.21075
4,1,16,16,2,837.4942,7036.666,1528540,1615.612,1822.13945,4439.0574,78.7534,193.3338
2,2,8,8,2,837.1266,3484.914,1529234,1346.1112,2639.23885,4468.0984,125.1158,173.66
1,4,4,16,2,836.7656,7023.692,1529770,1693.2374,8693.239,4445.6474,53.918,198.2912
1,2,2,8,2,836.0858,880.8468,1530950,1409.8084,658.5598,13156.4158,67.1818,187.9484
4,4,8,16,2,833.81,14898.35,1535690,1742.7325,748.8358,2910.349,77.43,187.1885
8,4,4,32,2,833.7546,17530.7,1536332,4469.8498,809.3067,3872.9916,219.5968,182.9222
2,2,8,16,2,833.072,7006.054,1536588,1609.7712,1635.30955,4460.2972,124.3256,179.3042
1,2,4,8,2,832.6104,1719.448,1537408,1440.7448,3346.8533,7492.8882,59.1678,188.8316
1,2,4,16,2,831.9422,3415.598,1538676,1532.0802,4616.7355,7534.979,72.9704,193.6592
4,1,8,64,2,827.351,16551.5,1547110,14583.514,669.7548,6496.522,493.388,888.748
1,1,4,32,2,827.22675,3478.8525,1547780,2892.00925,749.44165,13322.18125,61.51775,307.6245
4,8,2,32,2,825.038,17508.72,1552646,4097.3636,827.89695,3892.1222,303.9106,183.401
8,4,2,32,2,824.8448,8933.118,1555770,4587.6728,1852.4507,6141.7866,234.494,189.0126
16,2,4,32,2,824.321,8638.938,1553720,4560.7066,3733.0362,6296.6408,183.7736,185.523
2,1,8,32,2,823.5522,7033.09,1554316,2852.049,5202.903875,7378.3246,172.7974,271.7972
1,2,2,16,2,822.6694,1683.672,1556214,1514.9556,683.3512,13722.5244,70.7208,194.7008
2,8,4,8,2,819.5858,7119.986,1561794,1340.81,752.2005,3000.006,86.1412,187.3282
1,4,4,32,2,814.0175,13997.45,1572450,2811.122,846.84795,4498.698,87.583,196.6515
2,4,2,64,2,813.722,21122.3,1573020,12730.461,887.9035,5451.393,1312.53,185.381
4,1,16,32,2,813.4985,14033.65,1573740,2843.169,1110.7077,4492.771,135.78,279.917
8,1,32,32,2,813.249,29597.25,1574025,3363.375,2282.1442,2957.939,156.8555,333.5845
16,2,8,32,2,812.72,16947.2,1577798,4917.7578,10458.25925,3996.6412,210.4744,177.2292
2,4,8,8,2,811.9156,6932.312,1576568,1361.5044,678.93195,3053.7238,91.497,179.4444
4,2,4,64,2,810.446,20381.7,1579380,12669.55,734.40845,5598.672,823.141,203.805
8,8,2,32,2,805.171,18587.65,1589885,3538.7775,855.4299,3793.5425,119.9105,201.4235
8,1,4,64,2,803.456,12220.2,1593120,13164.49,923.66905,8296.791,559.635,1115.445
16,2,1,32,2,803.4488,4516.378,1594874,4292.2138,1185.16955,10664.617,143.9014,183.4232
1,2,4,32,2,803.1634,6759.648,1594538,2789.309,2435.72435,7656.216,93.3366,194.699
2,2,4,64,2,801.744,15142.9,1596520,13212.568,10797.57375,7006.302,913.966,191.856
16,4,8,32,2,800.7895,36270.75,1598620,3729.0205,703.7485,2727.9125,104.8205,190.843
2,32,1,16,2,799.0422,18547.48,1604470,2686.8598,752.61435,2708.6658,179.2766,178.5376
64,1,2,8,2,798.1708,1296.074,1604038,1843.0616,826.95175,9506.1132,40.7606,204.085
2,4,8,16,2,795.7526,13903.78,1608578,1748.555,1504.52715,3081.5634,104.9186,190.14
16,2,16,32,2,795.7275,33659.2,1608595,4225.384,2435.467625,2825.498,161.644,179.2665
2,8,4,16,2,793.482,14261.95,1613190,1693.141,767.2558,3049.182,102.402,191.3885
8,8,4,32,2,788.899,35782.1,1622545,3778.148,751.74675,2767.252,127.776,180.164
2,2,8,32,2,788.7986,13949.4,1623562,3149.369,848.66545,4560.16,237.462,189.3756
4,16,2,32,2,788.292,34912.45,1623775,3587.023,959.67465,2797.0015,175.3035,190.0745
1,2,2,32,2,788.2774,3353.866,1623962,2920.0884,1264.6606,13838.895,86.33,194.5844
2,32,1,32,2,788.188,37047.36,1625044,3832.5314,2581.01995,2730.7098,255.9694,193.7288
8,1,2,64,2,786.172,9973,1628140,13789.319,14744.509,9842.318,537.874,1101.537
8,16,1,16,2,783.4064,11330.86,1636724,2827.4226,803.9393,3444.252,92.4376,209.8604
8,4,8,32,2,781.658,34060.4,1638770,4202.712,814.8344,2841.3435,236.1915,162.659
1,2,4,64,2,780.883,13814.4,1639170,9743.02,864.3878,7569.231,225.527,199.21
2,1,8,64,2,780.131,13937.6,1640750,9818.518,969.9621,7518.395,394.538,610.734
64,1,1,32,2,775.9046,1778.856,1667166,5283.5582,1251.51175,24829.117,60.5354,220.968
4,2,16,8,2,774.4502,6598.466,1652790,1409.8278,3847.635,3204.6716,73.0578,193.238
32,1,8,32,2,772.0515,8301.075,1658755,4387.2385,14200.30425,6593.8865,132.2325,215.393
8,8,2,16,2,771.9366,9045.296,1659662,2725.4178,858.5557,3924.0278,101.4274,192.244
1,2,8,8,2,771.8746,3213.392,1658476,1449.2976,814.0696,4845.5054,73.2052,204.8174
16,4,8,16,2,770.3042,18086.68,1662432,2995.2834,876.46655,2794.7628,81.938,185.036
4,2,4,4,2,769.774,1769.434,1663146,1134.5258,922.59025,4556.8096,65.576,207.6234
4,8,4,32,2,769.401,33069.65,1667515,4345.3535,1370.5936,2906.115,231.639,178.976
4,2,8,4,2,767.724,2110.106,1671178,1135.3248,2674.84935,4099.003,64.3232,199.7138
8,1,8,64,2,767.711,19570.6,1667290,14336.382,17281.6815,5853.155,562.431,1131.666
2,2,4,4,2,767.6216,1217.768,1669214,1134.3184,1615.965,5875.8358,104.683,187.5636
1,2,8,16,2,767.3992,6395.042,1667992,1569.4694,1487.4962,4870.4758,82.8138,205.0752
16,8,1,16,2,766.3,5775.408,1675170,3033.3192,1454.7914,5221.263,67.5732,203.5786
16,4,2,32,2,765.7455,9085.66,1672685,3939.2025,1509.08985,6180.8865,84.843,201.6265
4,32,1,16,2,764.8466,21222.96,1675880,3005.5636,1623.5966,2640.9018,130.9314,202.6562
32,1,32,32,2,763.518,31913.15,1676565,4492.948,2522.64425,2960.053,135.5645,180.7125
16,4,2,16,2,762.97,4580.572,1678658,2953.6462,3079.5525,6150.2636,76.1982,182.8962
4,16,2,16,2,762.9568,17474.16,1681002,2943.3412,753.2208,2853.024,134.9234,180.8348
1,1,2,64,2,762.928,7100.04,1677750,12806.744,863.1628,13215.714,64.466,600.029
32,2,4,32,2,762.8805,8859.95,1678385,3565.421,898.1399,6302.2205,67.3655,205.179
2,4,8,32,2,762.3725,27845.05,1679105,3218.257,999.35365,3150.104,351.918,198.798
8,16,1,8,2,761.3668,5668.042,1681452,2508.538,2405.39385,3488.1128,88.3182,184.8322
1,8,4,8,2,761.0716,6487.438,1681904,1451.2284,4326.15455,3260.3432,37.9416,180.6908
32,2,16,16,2,760.92,17718.14,1683950,3139.3904,3695.317,2839.8282,84.773,186.3348
8,8,4,16,2,759.529,17903.74,1686952,2878.32,646.0871,2830.8534,93.51,193.7994
1,1,8,16,2,758.65975,3117.97,1687207.5,1511.70375,745.96145,8255.66025,64.7015,214.85375
1,1,8,8,2,757.8845,1563.5425,1688992.5,1461.97975,820.4893,8238.52875,63.04575,200.86825
32,1,4,32,2,757.8826,4627.556,1697682,5698.4178,916.1308,10555.9856,155.0464,215.0066
16,4,4,16,2,757.5328,8916.514,1692154,2982.7576,1984.3839,3989.2584,86.6244,192.035
32,1,16,32,2,755.0675,15539.1,1695720,4203.7665,3745.3177,4331.654,128.861,185.26
4,2,16,16,2,754.6448,13181.92,1696200,1777.55,3366.25675,3249.847,85.545,190.6754
1,2,2,64,2,753.948,6679.74,1697730,9783.313,638.1744,13961.683,200.666,186.028
1,8,4,16,2,753.234,13012.86,1699484,1696.9752,746.2355,3273.336,39.9134,178.0006
2,2,8,4,2,751.1596,1916.858,1705720,1142.37,803.09845,4377.588,100.4644,191.7582
1,8,1,4,2,749.5466,2182.892,1709626,1156.8378,1547.0501,4055.1386,31.5552,225.0678
8,1,8,4,2,749.0488,1728.296,1710304,1162.5434,3632.6328,4672.9668,50.927,215.6366
2,4,1,4,2,749.0252,1631.004,1711378,1152.7498,6365.0909,4850.5652,74.453,193.8184
4,4,4,4,2,748.8908,3615.892,1712060,1146.1638,4397.62875,3128.0728,54.2026,206.2452
1,4,2,8,2,748.3854,1539.038,1710612,1416.9712,647.72095,8365.0508,47.0214,190.908
16,8,4,16,2,748.279,18565,1712140,2724.8945,730.84975,2815.2915,70.9305,203.602
2,4,4,4,2,747.7694,2123.136,1715956,1149.4004,828.67895,4128.2952,78.3114,194.5968
2,2,2,4,2,747.5338,1168.3,1716438,1147.1544,1881.6971,6101.363,107.6728,192.5376
1,1,8,32,2,746.37375,6262.93,1715140,2922.02225,4257.83415,8255.379,71.1135,309.6295
32,2,2,16,2,746.2664,2453.482,1739286,3765.7328,7639.5865,10089.5528,67.2214,194.461
16,4,4,32,2,746.1705,18229.55,1718425,3707.3205,6363.93125,3965.3275,106.801,218.1565
1,4,8,8,2,746.0816,6406.378,1715642,1444.2608,666.96105,3314.0504,50.8368,191.37
8,1,4,4,2,745.2548,1156.332,1721188,1159.2296,760.1588,6150.9256,49.465,218.3538
4,32,1,8,2,744.2574,10611.02,1720164,2480.1434,916.7422,2685.235,105.256,195.6766
32,2,8,32,2,743.673,18161.45,1732320,3810.6685,2356.9078,3987.6535,91.5245,212.4445
1,4,8,16,2,743.1164,12828.02,1722500,1660.3702,5129.90245,3319.0154,47.3964,186.904
4,1,16,64,2,741.627,27904.4,1725930,13346.107,9184.878125,4661.664,408.722,897.308
32,2,16,32,2,741.5015,35507.15,1726405,3641.167,722.2472,2879.98,87.588,188.5755
2,2,8,64,2,739.602,28218.9,1730660,12922.574,805.8536,4633.683,847.235,215.371
4,1,8,4,2,739.4798,1248.992,1735384,1131.1164,797.03195,5840.8404,71.2634,205.6752
1,2,8,32,2,739.415,12813.18,1731118,3061.3538,869.80545,4927.856,109.8164,206.6674
4,1,4,4,2,739.2978,1107.41,1734586,1157.589,1450.91565,6359.3222,73.8276,200.8474
32,4,1,16,2,738.737,3113.71,1747130,3423.8138,2448.14085,8325.5766,57.3842,217.267
1,4,4,64,2,738.707,27813.6,1732760,13381.432,8193.403,4678.085,403.293,204.02
8,1,32,4,2,737.9458,3724.222,1735950,1173.3066,654.38705,3110.7446,50.8926,220.8948
16,8,1,8,2,737.8582,2886.452,1736600,2626.9834,724.7621,5284.245,64.3142,194.634
4,2,2,4,2,734.8826,1228.11,1743018,1168.1308,802.74025,5913.3804,65.091,198.8828
2,4,8,4,2,734.8282,3475.25,1742120,1155.6874,883.6248,3215.4054,78.9904,191.07
4,1,16,4,2,734.764,1912.644,1742282,1159.912,1579.8928,4419.6072,74.3306,206.2474
1,4,2,16,2,733.8976,3048.398,1744784,1733.3252,2086.98265,8465.1,47.3442,196.3176
2,1,8,4,2,733.014,1097.056,1749556,1177.635,8488.81325,6422.2686,118.0288,192.6526
2,2,1,4,2,732.8714,969.4102,1748258,1147.5684,650.652,7029.8476,99.8476,196.1026
2,8,4,4,2,732.5306,3581.326,1750134,1171.976,723.80445,3179.7974,68.7584,207.389
4,4,2,4,2,731.9032,2006.818,1751098,1166.9678,790.39545,4302.5606,57.0712,218.3792
4,2,16,32,2,730.8325,26399.65,1751440,3189.607,875.22965,3302.9775,202.4835,208.836
4,4,1,64,2,730.134,11984.6,1753100,13839.698,1880.35855,8588.547,1112.35,172.903
8,2,4,4,2,730.1142,1897.624,1755184,1179.2242,2503.97115,4453.7718,49.1132,209.801
1,32,1,32,2,729.4666,30322,1757700,4270.8264,8311.44025,3108.5884,137.4902,176.676
32,2,4,16,2,729.4288,4414.128,1774542,3327.65,654.19685,6414.6356,79.8266,197.8798
8,1,16,4,2,728.846,2076.348,1757156,1168.1376,723.6205,4223.5164,49.1876,213.8382
1,4,1,4,2,726.781,1546.492,1763022,1182.3248,785.9367,5073.8226,36.581,230.6006
4,2,16,4,2,726.6976,3302.392,1761752,1181.2336,1524.2112,3312.1458,68.596,206.2588
16,1,1,64,2,726.609,3821.57,1761610,16028.144,3178.77665,23197.852,508.553,818.432
64,1,4,16,2,726.6054,2329.08,1771688,3390.0872,3958.23975,10565.9622,52.3586,196.4256
8,4,8,4,2,726.1722,6892.412,1764094,1168.2882,672.5495,2506.9528,41.536,214.6386
1,8,4,32,2,724.529,26078.6,1766685,3118.271,710.79655,3337.3215,92.8055,174.5585
32,2,8,16,2,724.4878,8694.356,1768290,3094.1418,838.62255,4125.3976,69.6138,190.5508
4,8,4,4,2,724.4446,6721.316,1769096,1196.418,1950.83765,2530.8582,50.8432,209.2726
16,1,4,4,2,724.3084,1194.968,1769092,1195.6422,3980.48,6054.1254,45.9384,214.9834
2,8,1,64,2,721.214,21297.9,1774790,15622.49,5490.751125,5621.173,1436.291,155.236
4,1,32,8,2,720.2284,6177.752,1777228,1431.0726,688.90715,3434.7996,82.985,204.6838
32,2,1,32,2,719.811,4587.78,1791114,5177.1876,731.63675,10720.7814,80.1536,212.34
1,16,1,4,2,719.6126,3896.706,1779354,1185.3074,835.37895,3093.445,27.5838,223.5354
8,2,2,4,2,719.5578,1257.412,1784682,1183.7558,911.9878,5862.4234,49.0158,217.941
32,4,4,16,2,719.2265,9264.305,1784515,2764.21,1154.82435,3995.3335,60.3965,225.712
8,2,8,4,2,718.9998,3475.982,1790254,1188.667,2373.7438,3263.383,46.1648,209.418
8,16,2,16,2,718.9345,18371.45,1780435,2813.3015,12885.15025,2895.209,93.135,200.8905
2,1,16,8,2,717.5062,2977.112,1784198,1363.2864,682.8958,5224.2576,128.8886,190.451
1,1,8,64,2,716.641,12478.4,1786110,8928.33,736.8154,8351.074,75.543,581.013
32,2,1,16,2,716.158,2279.468,1803424,3600.885,811.60795,10789.9142,57.8758,196.3718
8,4,4,4,2,715.5444,3703.016,1794484,1200.9148,902.88005,3177.6276,43.1724,214.2354
16,2,16,4,2,715.4688,6802.342,1794272,1208.1266,1246.4627,2546.9726,40.219,217.797
4,2,1,4,2,715.396,995.0624,1791546,1164.2054,2473.45155,6936.9942,70.0234,207.965
1,1,4,64,2,715.31,7027.29,1789430,17129.764,11592.78425,13446.843,61.61,702.316
4,4,1,4,2,713.767,1682.802,1797838,1202.635,704.9947,4840.4686,55.5422,205.7218
4,1,32,16,2,713.2632,12337.76,1794620,1692.0798,767.68335,3454.5688,80.3928,205.367
32,4,1,8,2,711.7832,1596.938,1806630,2613.749,797.0985,8222.8986,54.4998,203.2798
2,1,16,16,2,710.9156,5923.112,1800738,1496.6828,906.9327,5258.7604,144.7276,209.1738
2,1,4,4,2,710.3632,966.3448,1802558,1203.1274,1136.5081,7101.5536,119.1374,191.0244
1,4,8,32,2,710.2785,25707.3,1802300,3225.856,2230.92855,3395.626,95.4635,187.356
32,4,8,16,2,709.745,18746.95,1804445,2718.1435,10760.9345,2896.9025,59.7675,207.251
1,32,1,4,2,709.6748,6140.708,1810294,1205.6098,687.7355,2644.0864,30.531,220.2728
8,4,1,4,2,709.1038,1711.392,1806562,1182.2648,751.07175,4798.3378,42.9638,222.8708
8,4,2,4,2,708.6074,2012.858,1810844,1191.2704,836.35205,4355.695,43.8816,212.1152
4,1,2,4,2,708.3326,842.0696,1807506,1206.7708,1403.67615,7888.0614,83.9152,202.1138
2,4,2,4,2,708.267,1928.234,1809692,1196.6638,2200.141,4465.269,80.7988,200.167
32,1,2,32,2,707.8628,3817.452,1817060,5038.9638,2718.191375,12547.705,146.7344,218.3656
16,1,32,4,2,707.8556,4574.368,1811974,1201.125,834.77375,2931.2626,43.3448,218.06
8,1,2,4,2,707.3972,862.7942,1810900,1207.7008,762.44165,7745.1566,67.2874,208.2768
1,2,8,64,2,706.63,25718.8,1811410,9664.538,870.8578,4996.626,227.836,199.442
1,8,4,4,2,706.4002,3241.52,1812348,1175.8662,927.5118,3391.8552,40.4748,222.2876
2,8,2,4,2,706.3718,3588.632,1815564,1195.9026,1310.2659,3242.3582,70.4986,203.139
1,4,2,4,2,706.1348,911.6474,1813032,1220.249,2559.63375,7437.3848,42.7856,228.391
16,1,8,4,2,705.189,1837.856,1816372,1179.9982,14048.0745,4602.8576,41.7134,212.035
2,16,2,4,2,704.2696,6207.438,1822530,1237.1844,785.89275,2647.3956,65.2646,202.867
32,4,2,16,2,704.0535,4689.745,1821045,2888.8225,796.08115,6188.0335,59.7385,211.922
1,4,4,4,2,702.87,1957.082,1823414,1203.8786,846.80245,4440.4108,41.9028,232.2086
32,1,32,4,2,702.5756,6455.484,1823582,1266.8848,990.4631,2616.7232,34.1426,213.3216
16,1,16,4,2,702.537,3351.156,1831178,1193.9622,1317.19785,3359.3604,42.2016,215.5092
4,4,8,4,2,700.3096,3735.564,1830322,1205.8742,2991.74555,3200.9322,55.5684,207.7142
32,1,16,4,2,700.2004,3526.278,1833094,1268.8044,14215.29175,3286.2348,38.3094,217.2786
2,16,2,32,2,700.1095,30774.8,1828395,4071.8155,706.54985,3159.36,310.892,161.646
4,8,2,4,2,698.648,3786.13,1834690,1223.1572,741.6523,3187.3186,52.5542,213.0074
2,8,1,4,2,698.6134,2261.444,1839096,1232.1196,816.3707,4103.1474,71.6864,208.2616
2,16,1,4,2,698.4336,4290.764,1834942,1212.2716,946.97275,3028.2354,64.245,208.8066
4,8,1,64,2,697.744,22639.3,1834480,6460.373,1273.3081,5452.973,495.932,182.555
16,8,4,8,2,694.9058,9307.038,1842882,2502.8106,2947.442,2943.137,69.6734,208.0114
1,4,8,4,2,694.128,3210.69,1844272,1243.3988,12601.00575,3438.944,43.596,224.6996
8,2,1,4,2,694.0988,1002.688,1848974,1189.3374,991.4448,6955.2874,47.393,213.1778
1,4,2,32,2,693.913,6037.355,1845250,3216.4475,824.6091,8633.258,64.4365,187.258
16,8,2,16,2,693.498,9270.415,1846540,2901.443,887.3526,4055.8445,70.522,214.4495
4,1,32,4,2,693.4514,3097.82,1846368,1232.4762,950.581,3499.1494,70.73,201.7916
1,2,1,4,2,692.5585,939.3535,1849050,1232.36325,1369.88495,7299.641,47.3865,222.5365
2,1,2,4,2,692.3572,822.7578,1849392,1238.6904,2911.64725,8072.4236,123.6926,184.064
16,8,2,8,2,691.8094,4687.1,1851082,2551.5768,17903.81775,4036.3518,71.7032,197.2084
2,1,16,32,2,691.405,11759.2,1851355,2504.413,913.50095,5334.6645,145.3415,223.868
4,1,32,32,2,689.2035,24669.85,1857620,3075.5865,818.94295,3517.947,105.958,289.274
1,2,8,4,2,687.6566,1681.948,1861890,1225.8286,915.7937,4906.1844,58.1076,235.5644
32,2,2,32,2,686.227,4841.065,1867350,3936.999,952.0279,10328.5515,58.767,211.629
2,1,16,4,2,682.9922,1515.226,1874466,1240.0832,1267.63225,5253.625,130.6238,187.5824
32,4,8,8,2,682.14,9406.598,1884764,2706.6774,2433.36775,2973.3626,63.9426,199.8356
64,1,1,16,2,681.46,1198.912,1891964,3437.2862,753.67635,18977.941,51.2398,201.3624
16,2,8,4,2,681.1686,3739.212,1881636,1283.9616,861.68075,3251.4786,39.9504,215.2226
16,1,2,4,2,677.733,875.1064,1891242,1251.7498,808.01825,7742.192,46.1314,218.9906
64,2,16,8,2,677.495,9346.362,1891714,2544.8226,720.0284,2987.3336,57.258,195.3018
8,2,16,4,2,677.4564,4032.688,1890840,1246.154,1207.0737,3160.4708,46.3528,200.4084
8,16,2,8,2,677.088,9188.744,1890716,2569.457,3171.34,3005.1286,82.1134,203.9886
1,2,2,4,2,676.6664,905.562,1892362,1249.9238,1503.8367,7548.7628,55.593,224.9838
4,4,8,32,2,672.469,24784.95,1903450,3408.9435,1445.8645,3556.0665,194.145,196.77
8,2,1,64,2,671.229,9056.89,1906950,13660.804,1383.58195,10951.996,753.745,177.101
8,8,4,4,2,670.4408,7208.424,1911298,1279.5926,1377.8766,2621.5888,42.03,213.458
16,2,2,4,2,669.8278,1267.978,1915848,1244.16,1465.14585,5963.2566,40.089,213.0096
2,1,16,64,2,669.37,23597,1912250,11608.875,2372.59165,5383.884,380.309,662.421
8,2,2,64,2,669.364,9425.83,1912260,13740.91,8634.44875,10603.275,714.063,181.778
32,1,8,4,2,668.9726,1910.602,1917858,1250.986,733.04775,4597.7958,34.8284,216.2418
64,1,8,16,2,668.9298,4124.148,1929534,3613.3902,838.06475,6896.0634,66.8956,201.7706
1,2,4,4,2,665.9992,1148.302,1924614,1261.7928,851.23925,6387.2532,53.8704,229.872
2,32,1,4,2,664.3286,7496.736,1929720,1277.3526,926.27305,2612.72,70.4508,203.0884
32,1,4,4,2,663.4978,1225.108,1930166,1262.074,1983.25175,6112.7344,36.768,214.7998
2,2,16,8,2,663.2222,5646.496,1929980,1411.8628,2851.96965,3743.4964,124.4652,201.903
4,16,1,4,2,661.415,4499.838,1937384,1262.4296,7855.37625,3075.271,46.7688,207.7504
8,4,1,64,2,660.656,11993.8,1937470,9588.351,658.7036,8767.643,273.314,190.919
16,4,4,4,2,659.0536,3793.588,1943928,1289.18,708.8525,3294.2766,37.8714,214.5032
4,8,1,4,2,658.4608,2322.644,1944544,1274.644,796.3722,4148.9878,55.9414,211.3974
2,2,16,16,2,656.7,11304.62,1949300,1678.0516,890.6157,3760.9568,112.7164,198.6084
1,8,2,16,2,655.1035,5491.76,1954060,1616.078,1584.66875,5683.388,39.498,182.33
16,1,4,64,2,655.034,8962.51,1954100,17058.074,2532.6448,11094.4,616.949,935.687
2,2,16,4,2,652.538,2821.01,1961670,1266.3078,9479.022,3776.6294,120.3172,192.3256
32,4,2,8,2,652.2078,2349.46,1968108,2888.9118,661.56435,6326.857,56.8698,206.134
64,1,2,16,2,650.549,1918.992,1970986,3155.8572,731.2399,12643.8998,56.7016,204.5272
1,4,2,64,2,650.422,12031.3,1967950,12888.938,806.63145,8776.851,380.355,208.333
8,8,2,4,2,649.2968,3904.932,1972394,1314.4692,921.62025,3284.1332,40.2648,211.3176
1,8,2,4,2,649.2896,1376.998,1971856,1271.6294,1904.98,5691.0872,40.1784,219.806
32,1,2,4,2,648.701,876.684,1974310,1231.8152,2762.8327,7814.6282,38.0296,215.4194
1,1,8,4,2,647.623,934.098,1976550,1317.87475,8212.468,7458.04575,54.161,226.73125
16,2,1,4,2,646.361,1011.65,1984100,1315.1218,677.16835,7045.2888,42.3666,213.0338
32,4,4,8,2,646.1026,4623.202,1990720,3108.0714,735.3977,4205.7962,63.3764,207.2068
1,1,4,4,2,645.7285,843.5895,1982602.5,1320.4435,821.59465,8052.0115,54.032,223.734
16,4,8,4,2,645.6928,7313.506,1984626,1302.1612,1548.67675,2684.7312,37.3184,213.4692
1,16,1,64,2,644.478,35690.9,1986100,17477.22,3277.8257,4281.363,751.395,171.786
8,2,8,64,2,644.309,33309.6,1986620,12845.34,4566.462,4445.973,759.205,176.169
4,4,4,64,2,643.828,33476.2,1988110,15447.659,678.9659,4435.22,968.97,178.891
64,2,2,8,2,643.7262,1233.812,1994322,2707.5758,721.9418,10294.091,48.6164,205.9872
4,4,2,64,2,643.68,16727.4,1988560,13676.182,811.36485,6885.906,1021.038,179.843
2,16,1,64,2,642.401,40864.6,1992520,7165.77,1638.9767,3997.187,803.109,157.058
64,2,4,8,2,641.2086,2249.33,1999928,2763.82,3368.90775,6552.8006,53.1782,202.7336
8,8,1,4,2,639.9352,2331.944,2005966,1283.7038,4614.236875,4201.5688,41.538,210.0044
16,4,1,4,2,638.7488,1726.076,2006530,1298.6324,685.7455,4972.9272,37.735,207.8522
32,2,16,4,2,638.4988,7111.51,2011412,1365.4836,756.75835,2731.3864,34.1242,203.0002
1,8,2,8,2,638.0106,2656.5,2006546,1510.6918,836.0453,5861.941,45.183,195.2312
8,2,4,64,2,637.013,16198.6,2009380,12540.147,895.15475,7066.608,644.623,184.319
64,1,32,4,2,635.8268,6974.824,2018728,1362.5132,1244.2014,2752.8086,31.4632,215.6188
64,2,8,8,2,635.6368,4447.644,2022220,3035.0334,2308.58305,4324.9726,58.7792,204.6218
16,2,4,4,2,634.1444,1953.972,2028446,1312.8776,12346.4935,4649.4526,39.8456,218.1854
2,2,16,32,2,631.3725,22605.35,2027925,3246.123,663.61925,3839.892,201.772,194.4025
2,8,2,64,2,630.705,32408.9,2029470,16419.851,748.1389,4557.167,1581.578,169.131
16,16,1,8,2,630.1944,5738.984,2032318,2610.872,801.7957,3816.6254,68.252,212.9418
16,4,2,4,2,629.9052,2013.546,2040286,1308.9618,915.67505,4584.1558,36.5292,222.6128
32,2,8,4,2,628.1574,3807.576,2041670,1399.8758,1179.67275,3386.5854,35.1888,219.4546
16,1,8,64,2,627.836,15895.1,2038750,13005.61,2375.11855,7192.555,619.497,813.237
64,1,1,8,2,627.7332,873.8376,2047224,2024.128,12246.22225,13766.4592,42.8966,221.1216
4,16,2,4,2,627.382,7045.692,2046824,1355.7044,670.97095,2773.5228,54.0222,212.197
64,1,16,4,2,625.8254,3647.658,2060714,1420.7578,744.0575,3465.2944,32.4544,219.1756
32,2,4,4,2,622.2294,1948.588,2063940,1415.6438,819.16995,4692.17,36.826,208.251
32,1,1,64,2,617.909,3528.04,2071500,9084.43,911.7847,25291.205,108.567,220.364
8,32,1,8,2,617.5466,11024.66,2073752,2585.934,1208.3672,3002.6368,92.082,207.6878
4,8,2,64,2,608.066,35246.5,2105040,6722.621,2516.4521,4429.242,468.829,207.53
64,1,8,4,2,607.6008,1898.432,2111258,1341.893,11522.944,4808.6414,31.8372,199.273
16,2,2,64,2,602.258,9709.83,2125340,10065.852,678.8716,10562.148,277.896,195.201
32,2,2,4,2,600.4832,1234.46,2133390,1347.8432,752.5196,6283.4352,39.868,206.0006
16,2,4,64,2,600.463,17633.8,2131690,8015.002,832.7916,6777.31,265.726,192.355
64,2,1,8,2,599.9254,1146.568,2142170,2907.9082,918.3305,11073.5954,48.0808,190.9336
64,2,1,16,2,599.4916,2293.472,2169324,4761.8396,1238.2859,11099.344,55.2846,218.6998
8,4,4,64,2,596.487,34106,2145900,6602.897,2556.05975,4547.823,315.424,162.796
16,1,2,64,2,595.344,7621.46,2150020,16651.717,12415.8855,12898.624,474.423,862.512
1,1,16,16,2,594.1882,4996.188,2154564,1562.0926,697.6026,6254.5084,68.2316,227.397
8,4,2,64,2,592.033,17960.3,2162040,10385.409,739.65405,6723.204,297.112,178.221
32,1,4,64,2,591.857,9156.77,2162680,9192.628,858.3147,11109.063,192.42,234.126
16,2,8,64,2,591.525,35144,2163900,8369.78,1273.0462,4494.88,229.604,204.503
1,8,2,32,2,590.941,10078.9,2166080,2965.6295,2131.925875,6230.018,81.303,197.1925
16,8,4,4,2,590.5846,6222.454,2172720,1648.1624,773.6094,2995.585,43.1226,205.7524
1,1,2,4,2,589.674,688.00025,2170905,1346.52725,755.47255,9612.876,51.2315,207.9135
16,1,16,64,2,588.535,29265.5,2174890,18163.524,816.16175,4974.087,522.851,811.796
16,2,1,64,2,587.524,9312.75,2178630,10800.353,975.6241,10975.169,218.747,179.376
8,4,8,64,2,586.002,68482,2184290,9208.596,1239.6401,3380.517,384.38,188.816
1,1,16,8,2,585.6834,2458.772,2186304,1430.7832,2781.2441,6352.5714,62.5768,202.806
64,1,4,4,2,583.2512,1195.84,2198528,1449.984,12570.74425,6483.0662,32.886,212.5882
32,1,8,64,2,581.933,16540.1,2199570,7730.604,701.8238,7152.369,173.762,243.419
32,8,1,8,2,578.1954,2911.396,2238708,3407.4308,772.7198,5755.9348,58.212,204.5818
16,16,2,8,2,578.056,9397.985,2214320,2465.2765,808.02875,3303.927,68.9835,212.085
4,8,4,64,2,573.949,66212.4,2230160,9419.394,960.9121,3467.39,399.213,166.385
1,1,16,32,2,572.3524,9865.022,2237244,3163.432,1298.8632,6391.0908,73.0946,309.0788
64,4,1,8,2,571.9444,1572.23,2243798,2700.4676,2724.8366,8757.5424,52.6306,216.7004
2,1,32,8,2,571.6534,4975.972,2239128,1378.7426,11854.94025,4297.0188,118.6604,201.2274
1,1,16,64,2,570.897,20094.1,2242080,9554.188,766.3801,6318.89,78.207,593.266
1,1,16,4,2,570.1742,1234.766,2245170,1399.141,763.7805,6391.903,57.4664,209.6452
32,2,1,4,2,570.1344,1015.802,2247022,1358.4932,827.93745,7287.4144,36.0916,212.2022
2,1,32,4,2,570.132,2487.86,2245106,1341.1404,965.105,4303.1096,123.906,195.5778
2,1,32,16,2,569.5146,9944.452,2247556,1538.774,1283.5247,4306.9982,126.971,211.8928
32,8,2,8,2,569.074,4763.315,2249325,2469.7705,2511.89805,4399.0885,57.738,218.9035
32,8,4,8,2,568.69,9440.065,2250870,2542.0435,14471.881,3335.6085,55.4915,213.144
8,16,2,4,2,564.9894,6177.556,2266462,1706.974,702.63715,3095.2826,50.351,211.1062
4,32,1,4,2,563.2914,7131.858,2272908,1780.608,809.22845,2990.8214,67.8956,209.549
16,8,2,4,2,560.6714,3228.682,2283768,1763.4236,817.6494,3869.7624,46.3784,208.0928
2,16,2,64,2,559.943,61564.8,2285940,7230.983,960.158,3616.57,492.962,140.742
2,1,32,32,2,559.7255,19939.55,2286865,2668.5945,1301.3894,4341.0885,135.583,250.133
8,16,1,4,2,559.5734,3779.038,2289686,1703.3494,3284.034875,3644.5672,51.9024,208.9212
64,2,16,4,2,556.5024,6270.058,2302718,1754.5536,13507.1535,3119.3154,38.9078,221.1804
32,4,4,4,2,544.1014,3111.648,2356626,1759.1592,898.5317,4002.1282,43.2362,214.218
1,32,1,64,2,542.658,60941.4,2358760,10804.114,856.0262,3703.003,228.183,185.364
64,2,8,4,2,537.3416,3101.752,2396000,1770.8426,920.4933,4048.0906,41.1674,207.3048
32,4,8,4,2,536.2086,6338.228,2396374,1921.1412,936.7525,3204.1838,44.6446,214.1126
32,1,2,64,2,536.15,7620.93,2387390,8838.753,1309.37345,13136.73,156.519,227.166
64,1,2,4,2,534.681,882.4318,2394738,1535.3788,2682.0185,8197.6472,36.9582,204.1114
64,2,4,4,2,530.4204,1599.058,2421936,1740.4784,18130.40275,5624.2684,40.6666,212.1972
1,2,16,4,2,530.0844,2295.68,2414728,1359.4236,952.91615,4645.0102,49.3872,200.2944
1,2,16,8,2,529.7496,4582.104,2416244,1440.251,866.1182,4651.0298,50.1566,195.6136
16,8,1,4,2,529.0338,1949.504,2424556,1829.3044,881.88835,5050.9774,46.248,211.4692
32,4,1,32,2,527.8025,3174.305,2425150,7014.9475,948.78405,15330.2915,120.6205,204.455
1,2,16,16,2,527.2652,9169.1,2427656,1695.2522,1408.50035,4661.2488,56.408,199.9876
8,1,1,4,2,521.5758,545.037,2454200,1372.1642,2490.2155,11848.0578,65.1992,219.3226
4,1,1,4,2,517.6414,540.63,2472802,1355.0016,944.3675,11943.2474,90.1526,212.8376
16,1,1,4,2,517.1234,547.8868,2475250,1375.9576,815.91425,11820.2618,50.2492,223.7694
1,2,16,32,2,513.679,18349.66,2491886,2932.3332,873.2893,4724.0816,65.7208,200.0402
32,4,2,4,2,510.0104,1676.676,2513274,1940.207,920.5481,5567.2646,41.9092,207.2354
16,8,1,32,2,508.394,5757.29,2517745,7039.7095,1373.59255,9632.218,193.5345,196.2775
1,2,16,64,2,505.046,36682.7,2534420,8997.588,2271.518,4767.625,169.597,170.171
8,16,1,32,2,503.8405,11347.9,2541825,7186.038,879.25915,6151.308,306.177,206.643
2,1,1,4,2,502.8842,530.2662,2545360,1356.7696,824.5267,12200.8854,137.641,206.7102
32,4,1,4,2,499.0094,1444.1,2565990,1817.2348,867.44355,6111.5294,41.8846,207.4598
32,1,1,4,2,494.8882,548.8636,2586460,1379.1598,690.3547,11914.828,40.2762,220.5004
4,32,1,32,2,486.3445,21160.75,2634380,6880.434,1324.103,4570.0685,362.286,207.5905
1,1,1,4,2,484.98525,518.2015,2639262.5,1372.0225,3141.923,12519.65775,49.29175,216.7085
1,16,2,8,2,479.7305,4018.26,2668170,1399.851,28424.698,5216.556,29.5105,195.2805
64,2,2,4,2,479.7046,961.3328,2670962,1867.716,920.1606,7998.556,37.898,204.7376
1,16,2,4,2,476.574,2005.928,2685916,1374.2992,876.075,5238.3632,30.7696,206.809
16,16,1,4,2,474.0886,2877.336,2705910,2469.1024,839.86915,4485.398,70.778,201.8276
1,16,2,16,2,473.363,8048.62,2704065,1564.13,742.025,5248.619,33.5445,202.1975
8,32,1,4,2,472.7866,5532.012,2707854,2569.3116,1342.46625,3633.3884,73.892,202.8314
16,16,2,4,2,464.9138,4724.764,2760562,2549.882,2509.688125,3844.2234,62.9352,197.508
16,16,1,16,2,463.443,5718.81,2765895,6359.219,758.70585,6347.061,139.882,205.2065
64,1,1,4,2,453.518,549.4934,2823890,1424.5588,766.49595,12141.5666,34.9186,219.0924
64,2,1,4,2,451.9154,844.347,2846158,2127.3574,559.56845,8910.0714,40.5432,214.4352
8,16,2,32,2,450.8465,18362.2,2839375,7270.8035,648.86425,5070.067,260.2505,219.8615
32,8,4,4,2,450.2726,4710.486,2865550,2794.5142,494.9195,3952.4924,64.1276,212.824
64,4,4,4,2,447.8994,2383.342,2862140,2591.9366,4986.29175,5012.0312,50.2206,194.188
8,1,32,2,2,442.492,1886.832,2895828,1005.2886,1458.3508,4252.6026,44.3396,226.1132
8,32,1,16,2,441.7985,11018.2,2897250,6719.6,1352.27635,4755.995,183.5425,229.8725
64,4,8,4,2,440.7908,4786.498,2929138,2892.6244,1285.6884,3998.8134,61.3486,212.4848
16,8,2,32,2,440.5395,9394.95,2906875,7478.618,1244.58375,7266.817,201.555,212.454
4,2,16,2,2,440.096,1683.574,2914012,981.2794,1283.7934,4434.5956,58.376,217.429
32,8,1,16,2,439.386,2891.42,2914880,6793.0515,2714.96725,9997.914,119.6165,227.697
4,2,4,2,2,435.8026,1016.374,2945956,1007.6848,10937.92475,5464.9366,58.9988,221.1558
32,8,2,4,2,434.0912,2421.656,2980076,3069.6652,705.70485,5095.2588,57.2196,207.8686
4,2,8,2,2,433.7276,1272.806,2958502,1008.2254,810.74435,4971.7894,60.1432,221.3172
2,8,2,2,2,433.4882,1931.154,2956660,1030.387,847.7385,4282.2962,67.5512,212.8966
4,1,16,2,2,432.7638,1159.21,2963730,1012.9094,909.8339,5172.1456,69.201,224.845
32,8,1,4,2,428.384,1459.704,3004262,2813.5758,1437.67395,6511.8868,54.1698,204.8008
4,4,1,2,2,428.2428,839.3472,2991690,1029.9216,2339.88555,6041.6922,53.8666,226.3282
16,4,1,64,2,427.479,6097.42,2994300,12046.607,11246.0195,16429.495,444.934,188.581
4,8,4,2,2,425.963,3382.258,3008314,1057.4072,688.5701,3765.216,49.3138,220.5996
8,2,16,2,2,425.864,2030.324,3008386,1019.9322,717.1207,4269.2718,44.6166,227.8606
64,4,2,4,2,424.7136,1249.766,3020492,2583.4638,824.83895,7118.0268,49.5662,200.523
16,1,4,2,2,424.6512,673.4124,3016204,1018.0418,907.92885,6818.0696,40.4906,225.0046
4,4,2,2,2,424.4552,1107.058,3021580,1032.3362,1209.3926,5334.2014,56.3002,214.6528
8,1,4,2,2,424.3856,662.3758,3021432,1003.9044,2593.0805,6886.8568,47.512,225.2306
2,4,1,2,2,423.8598,813.7922,3026880,1032.267,11228.74725,6172.6846,74.7746,213.5106
8,2,4,2,2,423.3012,1054.504,3025252,1042.129,694.6523,5453.013,46.6472,228.8874
8,1,8,2,2,422.8948,1016.954,3039722,1016.8058,771.43165,5557.152,48.2186,224.9012
2,4,2,2,2,422.4816,1074.92,3039220,1034.7,834.1309,5420.9562,73.9214,207.2216
2,4,8,2,2,421.9744,1758.466,3040422,1035.2942,905.15875,4496.2388,74.1634,208.9152
8,1,16,2,2,421.4312,1250.166,3048670,1030.4972,1295.54975,5096.73,47.5324,227.8002
32,4,2,32,2,419.6355,4652.43,3055205,7037.461,2717.987,11860.877,144.884,209.8315
1,8,1,2,2,419.2838,1095.626,3055448,1019.5666,12980.27,5392.0272,27.8882,226.7066
4,4,8,2,2,418.8686,1887.452,3060240,1050.556,676.64155,4416.5726,53.195,227.0642
32,1,16,2,2,418.2564,1878.718,3063296,1065.7584,774.85215,4429.5012,34.398,219.749
4,2,2,2,2,418.173,697.7264,3070028,1038.0178,850.0915,6739.4436,62.723,221.9774
1,8,4,2,2,417.8202,1658.452,3075508,1019.2362,928.0596,4619.1228,30.0894,228.7494
1,1,4,2,2,417.3045,536.82975,3068715,1054.96225,1239.4579,7837.67025,48.63875,219.3235
2,4,4,2,2,415.875,1341.808,3085920,1037.506,2254.33025,4994.3722,76.3698,214.558
4,1,4,2,2,415.5574,653.6746,3082740,1060.7176,9507.6175,6999.3156,73.2204,224.0554
16,2,4,2,2,414.9396,1082.532,3097382,1066.6834,704.6845,5462.2662,40.127,222.3626
16,1,32,2,2,414.8732,2313.372,3098134,1060.2792,751.4677,4204.762,37.2276,225.6946
1,16,2,2,2,414.8402,1007.294,3090830,1044.3864,840.38705,5632.3132,24.7856,220.786
4,1,8,2,2,414.127,872.0514,3095882,1047.2248,1047.67275,6031.7754,73.4682,227.601
2,16,1,2,2,413.473,2172.274,3096158,1064.0678,1780.96175,4274.6696,62.9198,215.2484
4,16,1,64,2,413.468,22164,3095770,11444.243,695.23555,6791.86,779.963,195.704
8,8,1,64,2,413.226,11422.5,3097580,11511.931,765.44935,10269.362,596.483,204.882
32,1,8,2,2,412.997,1070.922,3103660,1067.4868,841.90615,5494.5438,33.6528,224.4852
8,2,2,2,2,412.9472,703.9824,3104400,1073.7698,951.9181,6743.2358,51.6788,231.5224
2,8,4,2,2,412.7602,1820.996,3103900,1054.7084,1315.8553,4509.742,66.884,214.665
8,2,8,2,2,411.1958,1858.476,3116500,1040.8998,3009.18635,4494.0418,47.3,227.7194
1,8,2,2,2,411.0866,934.3552,3141970,1048.2632,12195.2075,5882.3418,28.6238,233.2274
16,16,2,16,2,410.995,9381.86,3119220,6855.5775,773.5968,5302.22,137.1615,219.6235
32,8,2,16,2,410.945,4752.425,3120385,6116.8145,733.86315,7429.764,109.238,207.0375
1,1,8,2,2,410.78375,708.61225,3118982.5,1079.00875,832.4502,6731.92125,49.155,230.19325
16,32,1,4,2,410.4232,5609.792,3124008,2934.528,935.8166,4036.7642,69.6298,190.2918
16,1,16,2,2,410.0742,1836.716,3158836,1094.959,1290.78355,4553.581,39.9374,225.9154
8,4,4,2,2,409.9496,1950.068,3123806,1090.1446,2827.3778,4438.0332,40.295,224.2808
4,4,4,2,2,409.8124,1887.284,3141762,1056.799,12713.771,4498.287,55.9834,221.9848
1,1,32,4,2,409.6918,1834.15,3124326,1400.167,893.5592,5915.8304,46.4232,186.9572
1,2,2,2,2,408.3294,637.7352,3159312,1079.1004,745.00345,7174.6928,44.122,234.9804
2,8,1,2,2,408.3102,1137.416,3147794,1078.0372,868.2248,5398.5232,67.2858,212.155
1,1,32,8,2,408.0842,3661.168,3136642,1449.1848,976.945,5933.5768,48.67,203.7122
8,4,1,2,2,407.855,853.9274,3140024,1095.8022,1254.14615,6138.0488,42.4938,221.7368
4,1,32,2,2,406.5778,1562.686,3154368,1054.3014,2508.99585,4792.5732,70.4234,222.1728
4,8,1,2,2,406.1006,1163.066,3159610,1084.049,13646.71075,5360.7498,49.0146,225.0604
32,1,4,2,2,405.9668,661.3228,3153652,1098.6436,726.44555,7031.71,34.1284,220.6778
8,2,1,2,2,404.9968,501.7762,3164608,1042.7684,760.0969,8266.4884,48.8936,221.2094
64,4,1,4,2,404.7158,1084.796,3168232,2736.2746,853.43375,7888.022,48.0414,196.5198
1,1,32,16,2,404.2114,7327.914,3166842,1676.546,955.45625,5961.6402,50.6584,230.9696
1,4,1,2,2,403.7836,775.3508,3176216,1065.755,1288.36505,6477.955,32.0824,231.2566
16,2,2,2,2,403.1502,672.7728,3185208,1105.1178,2490.5192,6998.3622,38.7648,216.111
16,1,8,2,2,402.7248,1055.53,3191634,1075.0474,13783.06475,5617.235,40.1088,225.985
1,32,1,2,2,402.4028,3088.66,3181896,1096.8832,700.9778,4010.7462,21.7986,224.716
1,1,16,2,2,402.0024,709.6878,3185914,1110.3386,765.10295,6793.2314,48.9272,227.4916
16,2,8,2,2,401.1358,1974.702,3195460,1081.1172,830.4319,4492.7886,38.5644,222.9946
1,1,32,32,2,400.2545,14626.15,3197995,2880.158,965.68795,5998.4755,53.9325,294.212
32,1,32,2,2,398.9828,3238.83,3227424,1104.7642,1269.0902,4017.8734,32.335,220.5458
8,4,2,2,2,397.7964,1120,3223968,1083.239,2845.840875,5510.3934,40.5618,219.7768
2,2,8,2,2,396.3774,1212.448,3233096,1084.38,775.57615,5344.6486,110.4144,220.523
1,16,1,2,2,395.2062,1995.034,3250416,1059.0622,835.71465,4533.6216,21.9506,221.3574
16,2,16,2,2,394.6736,3407.218,3246080,1111.4848,861.84275,3997.4622,39.753,223.7168
2,2,1,2,2,394.449,483.7842,3247786,1096.9506,963.3344,8539.434,116.5518,211.001
1,2,4,2,2,394.0982,813.8636,3257000,1094.5762,1222.161,6402.8506,45.5238,229.5474
2,2,4,2,2,393.96,944.0438,3256818,1072.1322,2157.249,5969.34,107.967,220.7292
4,8,2,2,2,393.1332,1994.53,3264932,1126.2656,17372.78175,4548.6222,49.6822,226.3662
2,1,8,2,2,392.8632,830.5132,3262272,1116.8662,773.52125,6344.8272,132.9968,222.8192
2,2,2,2,2,392.7694,709.9696,3269266,1078.9454,782.9589,6875.835,112.0418,218.8538
64,1,32,2,2,392.7536,3510.542,3262198,1124.1144,900.72505,3991.4506,31.011,225.781
8,4,8,2,2,391.4826,3449.628,3289946,1122.9646,956.96305,4032.0966,41.822,226.1704
4,2,1,2,2,391.2518,496.7946,3276070,1109.2246,1299.2357,8429.1198,70.6768,213.7018
2,2,16,2,2,391.1232,1458.818,3275394,1074.1144,2439.39975,5030.3042,102.8462,213.777
2,16,2,2,2,390.8246,3141.18,3282388,1122.6438,854.6755,4097.4318,60.8334,200.5422
32,16,2,4,2,390.391,4794.74,3278765,2593.268,815.86725,4346.601,58.7855,198.624
64,1,16,2,2,389.9248,1945.044,3288576,1139.6658,872.4085,4611.701,30.5564,228.5026
2,1,16,2,2,389.4786,974.2768,3291888,1108.9184,915.3616,5919.618,127.7846,224.2992
2,1,4,2,2,387.74,624.8062,3303106,1119.971,1384.68965,7400.4564,133.529,223.2576
1,4,2,2,2,387.641,908.1674,3308858,1081.094,3339.791875,6128.4024,33.0248,227.4606
16,4,2,2,2,386.9776,1129.46,3334124,1125.44,864.197,5601.4472,36.6632,220.1548
32,16,1,4,2,386.8508,2889.046,3331828,3272.0812,813.8464,5104.0906,60.0276,193.7186
2,1,32,2,2,386.835,1253.326,3318888,1094.9226,874.5002,5361.4592,126.0354,224.2016
16,2,1,2,2,386.4984,508.3076,3314114,1116.5224,973.19325,8350.5584,38.6734,221.5896
32,2,4,2,2,385.8104,1112.998,3324238,1141.823,1343.83125,5624.8068,34.5512,220.0038
1,4,8,2,2,384.7892,1657.098,3331668,1077.5206,2343.423125,4876.5426,35.4758,231.6918
1,4,4,2,2,384.581,1244.328,3332510,1083.0936,797.5854,5389.9196,32.9068,233.4022
16,4,4,2,2,381.7336,2031.782,3359342,1173.3804,830.69835,4620.1184,36.598,220.9968
8,8,4,2,2,380.2508,3606.518,3381752,1164.4636,807.6763,4091.6188,40.4186,220.0182
16,1,2,2,2,379.867,460.6622,3373284,1112.6534,700.4004,8930.5114,43.4252,219.3716
1,2,8,2,2,379.0776,1071.746,3376814,1113.8458,1190.17185,5765.6278,47.0608,230.1434
32,2,16,2,2,378.6854,3609.576,3387072,1194.1244,3026.339625,4096.3394,34.6938,224.1132
16,4,8,2,2,378.6806,3678.294,3393788,1163.353,25584.6785,4089.7806,36.699,214.3672
64,8,1,4,2,378.591,1467.406,3397974,2979.426,878.14745,6887.146,54.0652,200.0552
1,2,1,2,2,378.437,469.487,3382722.5,1123.637,849.0248,8835.498,43.276,224.56975
4,16,1,2,2,377.9124,2271.626,3397116,1167.7168,782.1546,4524.0806,50.0154,220.7572
16,32,1,8,2,377.7695,5599.325,3388310,5386.8295,656.8193,5217.1445,137.032,204.5345
32,1,2,2,2,376.0664,463.0206,3404992,1127.1398,1201.5165,8934.0988,35.9122,212.7354
32,2,8,2,2,375.8568,1998.47,3407518,1197.5684,3169.481875,4689.9642,33.7356,222.3794
4,16,2,2,2,375.456,3512.148,3420572,1179.4854,784.11605,4149.5106,46.6326,219.7722
32,16,1,8,2,374.7955,2871.91,3415785,5547.3235,858.0281,6981.4145,110.7565,214.2595
32,2,1,2,2,373.8906,506.1436,3428908,1126.4904,804.52455,8486.8,32.4096,224.3176
2,32,1,64,2,373.161,37183,3430160,12281.82,687.1998,5633.318,1021.143,179.852
64,1,4,2,2,372.1502,692.5916,3440952,1175.8492,1053.35525,7158.7366,30.859,222.7122
1,2,16,2,2,372.0592,1169.09,3440540,1154.6098,754.5626,5630.2892,47.9376,229.061
8,1,2,2,2,371.5264,461.1864,3446798,1137.876,828.75595,8997.8388,56.639,221.5148
4,1,2,2,2,370.4282,455.0968,3455684,1149.6392,523.7859,9080.888,82.8058,220.4056
2,32,1,2,2,368.3448,3723.872,3482814,1147.911,569.7635,4170.3222,62.0368,212.381
1,1,32,2,2,364.6616,920.789,3511512,1166.3684,280.516375,6291.7726,46.6956,220.339
32,2,1,64,2,362.42,4587.81,3531810,11895.637,4458.512125,21387.83,348.154,209.024
64,1,8,2,2,361.3038,1090.808,3555564,1245.2544,785.3126,5903.108,30.6462,226.6536
16,4,1,2,2,361.2968,861.6286,3551350,1182.8754,732.95815,6522.52,39.1976,213.1136
2,1,2,2,2,360.8908,451.8872,3547954,1165.911,527.7453,9213.1984,145.1942,225.1038
64,8,2,4,2,359.7296,2395.634,3562414,3130.6998,707.830125,5699.9662,54.1574,208.1262
8,8,1,2,2,358.2582,1170.036,3583128,1190.728,195.01775,5771.1804,41.3496,219.9522
8,16,1,2,2,357.5162,2286.09,3587776,1239.8052,642.56135,4707.7358,41.734,208.7924
8,8,2,2,2,355.8422,2023.412,3598684,1220.9774,623.9145,4864.3344,41.0248,221.2238
32,2,2,2,2,352.6058,658.364,3653002,1215.8936,234.87335,7546.206,33.3582,220.4634
64,1,2,2,2,348.9724,463.1122,3670550,1162.8252,-252.127125,9198.407,31.0634,227.5396
4,32,1,2,2,348.389,4258.976,3682672,1274.2604,-2613.994375,4283.9328,53.5608,215.275
16,8,2,2,2,344.6146,2046.386,3714964,1297.6138,1431.3252,4967.4214,37.219,211.1646
1,1,2,2,2,344.355,391.874,3717675,1120.41575,1297.8232,10250.4345,48.41325,209.95725
32,4,8,2,2,343.4656,3803.434,3736856,1244.9524,1160.0647,4409.9424,34.923,217.4744
16,8,4,2,2,343.4048,3748.522,3730764,1318.4684,1043.14675,4413.7468,37.1636,215.6462
8,16,2,2,2,340.448,3699.878,3764854,1325.9518,1426.40785,4456.7896,42.2986,210.991
64,2,8,2,2,338.4372,1983.314,3812548,1396.6032,2401.73445,5105.5724,30.9878,213.1358
32,4,4,2,2,338.1138,2035.324,3808872,1343.6898,14642.47775,5068.4068,35.107,215.851
64,2,16,2,2,336.516,3751.052,3806986,1341.0196,710.08335,4489.5072,34.5344,215.4178
32,4,2,2,2,336.1788,1101.566,3820108,1341.1708,786.0397,6144.5906,34.2086,211.491
32,16,2,8,2,335.99,4767.26,3809695,5729.407,832.07365,5957.6795,113.0285,217.218
64,2,4,2,2,334.478,1087.32,3834176,1356.0006,956.64595,6188.8976,31.3356,216.2852
64,2,2,2,2,330.9124,684.222,3882248,1308.3548,1232.0694,7641.5166,31.4654,210.036
16,8,1,2,2,327.9042,1171.322,3911060,1376.8022,2832.16525,6096.7012,38.6382,211.5084
32,4,1,2,2,322.3728,863.5554,3977796,1336.7722,13780.85775,6942.3584,33.5878,212.459
8,32,1,2,2,317.7242,3696.312,4030090,1633.955,762.9007,4722.747,54.9138,197.2404
64,4,8,2,2,317.4896,3218.536,4045786,1716.2576,750.0633,4841.202,36.722,200.3736
16,16,2,2,2,312.4564,3156.89,4111814,1692.0032,854.78315,4922.7454,45.9654,202.2212
16,16,1,2,2,312.4242,1929.368,4104966,1537.5478,957.21105,5431.8628,43.955,199.5578
64,2,1,2,2,309.9808,506.3194,4134164,1367.126,1319.6441,9190.2642,32.1668,219.1878
32,8,4,2,2,305.771,3166.752,4190114,1685.062,3429.61265,4998.5494,39.4792,202.8646
64,4,4,2,2,301.8602,1647.734,4257068,1604.9626,12831.73475,5815.7346,36.0214,192.4228
32,8,2,2,2,291.1994,1713.77,4402576,1666.6626,764.9593,5900.3252,40.153,206.2776
32,8,1,2,2,289.6548,972.7318,4422044,1635.0574,765.4702,7053.9272,40.4982,200.0212
64,4,2,2,2,286.3732,917.4102,4501314,1685.906,855.23555,7291.9506,36.7462,208.6256
64,4,1,2,2,277.4492,722.3532,4618032,1646.467,927.5364,8162.0074,36.9238,210.9956
32,16,2,2,2,274.1204,2367.072,4678424,2239.8806,1235.41635,5760.0724,52.2404,189.4916
32,8,1,32,2,270.2265,2884.605,4737435,13536.6225,2975.366,18937.0675,317.2,219.7955
8,32,1,32,2,268.1315,11014.25,4774055,13370.766,13434.789,8492.862,554.8965,209.759
16,16,1,32,2,267.2285,5707.545,4793125,14167.23,738.35735,11969.5905,421.448,204.628
64,8,2,2,2,266.451,1252.756,4810708,2242.06,751.14055,6856.3374,47.7672,178.0278
8,1,1,2,2,265.4884,272.5302,4821400,1308.056,811.13615,14214.8642,60.7044,225.7374
16,1,1,2,2,265.4326,273.899,4822360,1366.8042,957.2165,14168.8938,47.9956,218.0676
16,32,1,2,2,263.9732,2820.12,4855464,2266.851,1365.58725,5763.2906,59.8896,176.316
4,1,1,2,2,263.3024,269.9792,4861450,1308.185,2563.082,14343.677,93.623,223.2406
64,8,4,2,2,262.7568,2379.512,4884120,2299.8786,723.0716,5960.0036,47.5036,196.0274
32,32,1,4,2,262.0966,2816.274,4885228,5171.9802,777.485,6703.2374,113.1834,194.139
32,1,1,2,2,261.6018,274.677,4892946,1346.7482,835.0363,14213.0032,41.6154,214.2606
64,16,1,4,2,256.1522,1444.156,5006026,5168.7568,989.68215,8551.6014,103.6354,192.8992
2,1,1,2,2,255.634,264.8108,5007216,1253.104,1381.82385,14674.5082,142.6508,226.0524
2,2,2,1,2,255.3986,422.117,5012202,885.8638,2658.46025,8044.5438,123.3818,234.648
1,4,2,1,2,254.7178,560.1186,5026572,879.6556,810.7605,7311.8146,27.8174,226.1756
4,1,8,1,2,254.5278,483.8958,5029732,886.5972,763.0658,7674.9528,86.9476,232.3148
32,16,1,2,2,253.8668,1446.622,5069792,2397.1168,902.3016,6839.4774,53.4042,194.878
2,2,4,1,2,253.5624,541.9586,5049944,884.6656,904.81045,7411.7706,126.4816,232.5738
4,1,16,1,2,252.4434,672.3344,5071470,887.7086,1074.46945,6975.2866,84.6288,234.7018
2,2,16,1,2,250.5312,732.9268,5112138,887.2596,2167.19445,6858.707,128.7258,227.6516
1,2,4,1,2,250.4244,460.8808,5112628,887.8104,17348.2635,7889.9388,42.0218,222.1652
2,2,8,1,2,250.3366,706.9936,5113486,895.9206,892.27095,6923.9774,126.3882,235.2172
1,8,2,1,2,249.9814,600.8674,5121274,898.9796,863.02745,7251.5296,22.3662,232.2134
2,1,8,1,2,249.7072,471.5986,5127236,894.7392,892.8531,7841.4178,136.8458,235.039
1,4,1,1,2,249.6324,387.907,5128216,913.4818,955.8247,8428.0072,29.5596,235.8174
4,1,4,1,2,249.232,389.3596,5136646,910.3712,1094.303,8424.1214,82.4012,231.395
64,1,1,2,2,249.1592,274.835,5137760,1324.9284,4473.72375,14452.4578,36.6156,226.0448
1,2,2,1,2,248.8934,370.621,5151020,912.9686,861.18685,8604.714,41.8558,232.3948
2,1,4,1,2,248.7698,352.9738,5147540,914.3924,769.7012,8773.9004,146.1948,233.4292
1,2,8,1,2,248.167,638.2272,5158222,882.5798,871.68055,7163.8712,40.922,229.362
1,4,4,1,2,247.8012,722.4104,5166024,902.3908,895.54475,6937.8918,30.42,232.4764
2,1,16,1,2,247.7222,591.9034,5167170,885.9056,1479.5309,7329.6866,142.3014,234.322
1,1,1,2,2,247.649,258.9015,5168742.5,1138.30775,2658.5355,15056.67775,48.83,205.25675
2,4,1,1,2,247.5434,407.349,5176042,911.471,818.3337,8318.3206,96.4888,226.4586
2,4,4,1,2,247.4686,786.603,5175202,910.684,801.1298,6802.4604,93.2666,222.7694
1,4,8,1,2,247.1954,836.993,5179324,898.8136,860.54175,6708.617,27.104,223.9322
4,2,8,1,2,247.1316,735.1482,5184154,917.7636,853.1917,6925.3024,77.345,230.229
4,2,4,1,2,247.1158,545.4172,5186066,922.2108,1414.8455,7532.9012,76.3578,227.976
4,1,32,1,2,246.7926,777.5124,5187956,901.0862,3374.628125,6834.2354,88.4124,235.6772
4,2,2,1,2,246.6622,426.7416,5193004,917.7076,838.43485,8192.494,75.5254,229.0106
1,8,1,1,2,246.003,548.1032,5204594,914.0854,796.7388,7539.9334,25.182,231.9634
1,8,4,1,2,245.8714,834.871,5207622,913.435,869.91525,6740.8254,26.0328,227.949
1,1,8,1,2,245.21075,412.60025,5223370,905.87525,913.84805,8325.662,45.31975,221.3165
16,8,1,64,2,244.878,5755.44,5227100,19754.545,1356.64795,19460.583,953.203,200.768
32,32,1,2,2,244.605,2825.584,5277776,2376.4168,3230.788,6183.7994,57.0754,177.7612
2,4,8,1,2,243.8262,875.9514,5254948,923.4248,930.73505,6716.24,95.6844,226.028
2,4,2,1,2,243.6634,588.389,5256968,928.1864,854.1488,7432.4046,90.8058,223.3736
8,1,4,1,2,243.2646,401.0444,5267190,936.5794,839.1668,8458.878,56.627,230.6018
8,1,8,1,2,243.1284,543.7892,5268046,934.5052,712.72115,7621.9064,58.4256,231.751
2,1,32,1,2,242.621,625.344,5276698,890.712,1219.4385,7323.589,141.1392,228.7322
4,2,16,1,2,242.5768,834.28,5280862,926.6706,2515.223,6815.1272,79.4268,228.4824
1,1,4,1,2,242.367,315.6305,5282225,916.70675,25510.36725,9337.604,46.041,221.557
16,32,1,16,2,240.5595,5575.905,5321045,15589.034,749.21685,8994.0435,274.7305,219.1955
8,2,4,1,2,239.8054,555.3622,5340412,948.256,808.6087,7645.2496,53.2444,227.5018
8,1,16,1,2,239.6112,721.9954,5350118,943.2794,768.0041,7122.9844,57.6006,228.9754
32,16,1,16,2,239.4665,2856,5347320,14550.3645,599.7771,12518.209,223.724,226.7865
1,2,16,1,2,239.103,591.0904,5353918,909.3334,1156.934875,7519.4678,46.0458,225.1654
1,1,16,1,2,239.015,450.372,5356378,923.2658,3688.0385,8198.4812,45.759,226.875
8,2,8,1,2,238.9818,995.9384,5357126,948.033,846.1835,6642.3522,53.4312,229.2182
2,8,2,1,2,238.9296,994.66,5362164,952.822,846.9192,6649.055,75.9138,215.9706
8,1,32,1,2,238.7754,941.0426,5361994,945.7166,854.089,6722.1978,57.1852,229.4914
1,16,2,1,2,238.7116,503.9008,5366146,953.2218,569.69405,7906.3454,19.9936,236.4236
16,1,16,1,2,238.4218,990.6628,5374438,956.3618,1188.469625,6666.5172,42.6712,226.3844
32,4,1,64,2,238.204,3093.24,5373540,20737.625,927.9371,31857.076,730.422,203.516
1,16,1,1,2,238.1922,990.398,5374666,955.666,889.78845,6667.1076,21.302,227.059
8,2,2,1,2,238.0364,428.8132,5382648,970.129,758.6403,8367.6534,52.3588,226.3298
2,8,1,1,2,237.7598,567.8594,5387748,952.503,659.58765,7641.8292,76.7474,222.096
4,4,8,1,2,236.8908,939.792,5410582,956.1876,1450.40675,6772.588,61.8942,232.1498
1,1,32,1,2,236.088,452.8452,5423186,917.7112,685.41895,8249.7948,45.3694,228.3228
4,4,2,1,2,235.8928,588.1274,5427630,964.8898,808.5596,7604.0434,63.049,228.3584
8,16,1,64,2,235.441,11292,5436600,20197.875,413.55915,12691.322,1241.249,200.609
64,8,1,2,2,235.1686,735.8918,5499650,2397.7426,274.40615,8978.517,47.1586,193.8192
16,1,4,1,2,233.5106,413.4636,5483884,971.431,191.11725,8579.7068,43.9636,226.4792
4,4,1,1,2,233.2784,420.6318,5499068,977.0566,4382.90775,8542.1406,62.3824,226.7916
64,16,1,2,2,233.1526,1463.914,5545156,2520.3656,726.59335,7293.9694,51.4006,178.8034
8,2,1,1,2,232.224,251.433,5514390,964.6972,830.42475,10605.2228,56.926,227.2696
4,2,1,1,2,232.1078,248.5872,5517864,934.2072,290.16865,10666.9628,86.7932,230.1024
16,1,8,1,2,231.8446,555.8434,5525312,979.7572,724.299,7828.1346,43.4224,229.1354
2,8,4,1,2,231.466,911.8084,5532626,976.2852,345.715375,6936.4448,74.6556,218.875
16,1,32,1,2,231.1252,1159.73,5547398,981.3854,745.72995,6651.1078,42.901,227.1288
4,4,4,1,2,230.9224,984.919,5544352,979.8954,780.07205,6843.9562,62.7014,226.419
8,2,16,1,2,230.8834,1011.804,5551724,990.0716,467.23615,6816.7974,54.1212,229.2084
4,8,4,1,2,230.5558,1681.226,5554250,982.9676,670.35025,6315.6218,51.9422,225.2378
4,1,2,1,2,229.2108,244.5936,5584870,925.7872,606.5849,10818.0426,89.2616,225.2802
16,2,16,1,2,228.9862,1695.484,5590882,1001.9502,563.26355,6345.8562,40.319,223.1554
8,1,2,1,2,228.9562,248.028,5591944,942.6462,146.1909,10752.6574,58.8612,232.8772
8,4,8,1,2,228.5188,1720.142,5602794,1005.6898,-414.14175,6346.9912,45.4406,226.8128
8,4,2,1,2,228.3988,586.094,5605838,993.9514,-1868.862875,7789.883,46.5176,227.3032
16,1,2,1,2,227.6812,249.5034,5622808,973.6084,666.82595,10753.0216,44.263,229.0052
1,32,1,1,2,227.4166,1543.558,5631958,1007.2812,538.54055,6461.2252,19.611,232.2058
2,2,1,1,2,225.9446,242.6392,5667134,932.5344,361.262875,10942.4644,134.3034,228.6956
16,2,8,1,2,224.7806,1040.184,5749984,1018.7284,-393.766375,6980.6112,40.488,224.9136
32,1,32,1,2,224.3682,1639.3,5708184,1013.3034,442.9274,6489.0144,35.5474,232.459
2,1,2,1,2,223.1692,241.0806,5736032,932.63,499.38275,11045.4672,141.7586,232.0812
16,2,1,1,2,222.9436,253.318,5746002,990.3114,-441.07005,10798.9694,41.8836,226.1576
32,1,16,1,2,220.873,1042.122,5867078,1043.3678,-1806.6655,7095.392,34.8658,231.8696
1,2,1,1,2,220.60575,236.62425,5803015,909.18925,1375.7716,11212.4355,41.75325,216.139
8,4,4,1,2,219.0112,1041.952,5994200,1048.0408,1209.8035,7222.6844,44.3658,222.521
32,1,2,1,2,218.3654,250.6418,5873300,1008.7762,941.923,10980.1966,35.0004,230.5118
2,16,1,1,2,217.6182,1081.482,6005834,1053.5282,894.90355,7189.4092,66.6468,220.3066
64,2,2,1,2,216.7206,433.7438,5906780,1015.9608,1326.4586,8857.8712,29.9918,221.4074
32,1,8,1,2,215.2806,567.6034,6065198,1065.5026,2641.8682,8320.353,35.9944,227.6192
16,2,2,1,2,214.6744,431.0654,6114302,1064.4218,772.1297,9083.7384,41.5108,223.5412
8,4,1,1,2,213.6198,429.2046,6126422,1068.9816,820.89945,9108.7118,45.8112,225.2138
32,1,4,1,2,212.9728,423.3364,6100368,1075.2942,911.37645,9123.9964,35.3554,231.307
4,8,2,1,2,212.4188,1044.188,6144856,1075.2306,936.83385,7370.6998,53.231,225.2288
2,16,2,1,2,211.6814,1579.014,6234878,1084.1722,1402.51335,7045.5406,63.7192,218.4206
32,32,1,8,2,211.5095,2795.355,6051970,10289.789,800.02945,9715.1955,220.759,210.8815
16,4,1,1,2,209.1818,431.696,6261302,1085.1128,797.84325,9226.3618,36.5326,232.0136
16,4,2,1,2,208.7882,584.473,6245254,1093.4522,900.54615,8435.3034,37.2492,237.158
4,32,1,1,2,208.6182,2135.878,6210782,1123.6238,979.38535,6810.111,47.2502,233.1106
32,4,2,1,2,207.0758,585.1004,6258262,1091.4018,1349.1648,8445.928,32.1886,214.1358
64,1,4,1,2,203.5844,428.4052,6419298,1118.0668,889.6423,9407.1428,30.621,236.4078
32,8,2,1,2,203.4612,1077.392,6332298,1132.905,821.4231,7520.4368,33.0384,215.468
64,2,1,1,2,203.439,253.1198,6369522,1060.776,903.6448,11426.4314,29.6466,225.812
16,8,4,1,2,202.6762,1853.428,6382426,1137.346,937.9,7073.1562,35.834,224.9478
32,8,1,1,2,201.9402,588.1468,6362298,1123.6892,1410.16065,8538.6424,32.2392,209.5818
8,32,1,1,2,201.5452,2208.572,6367770,1155.3002,1018.5833,6947.4314,42.1542,202.577
4,8,1,1,2,201.2318,581.7672,6521940,1131.4128,805.122,8722.1416,53.884,222.4542
64,1,2,1,2,200.5056,250.6458,6493644,1111.0596,895.2903,11600.5052,31.9424,230.99
32,8,4,1,2,200.4866,1879.644,6395660,1171.2946,950.6939,7076.7174,32.116,207.0292
32,2,8,1,2,200.4666,1063.54,6429702,1113.0534,906.94105,7633.2644,33.7528,250.5892
64,2,4,1,2,199.7938,575.8808,6454632,1096.2964,807.06835,8677.4546,29.6098,222.8168
16,16,1,1,2,198.131,1157.33,6476764,1149.5354,852.01475,7582.7946,37.2308,205.138
16,8,1,1,2,197.8906,587.6612,6518926,1118.3298,882.4838,8697.0904,35.5696,215.8406
16,4,4,1,2,197.8858,1073.052,6615018,1133.2612,715.3235,7807.8876,38.9822,253.1096
32,2,1,1,2,196.561,253.4028,6663720,1130.8384,827.4821,11714.9776,33.5216,224.8302
32,2,4,1,2,195.8046,574.5588,6725760,1146.9164,731.42965,8953.5682,34.0372,246.127
16,16,2,1,2,195.695,1880.3,6552492,1171.7724,622.66215,7233.264,36.347,202.506
32,2,16,1,2,195.0372,1786.268,6599454,1158.0144,748.4931,7316.0784,33.3814,258.6178
1,1,2,1,2,194.323,207.06825,6587032.5,881.95475,693.17035,12768.5685,50.9045,220.67925
2,32,1,1,2,194.241,1862.72,6608178,1137.3552,808.943,7295.3762,61.9078,244.5894
16,4,8,1,2,193.5444,1817.788,6728334,1171.0216,835.25935,7432.5056,37.6328,239.863
64,4,4,1,2,193.4704,1081.754,6632486,1223.822,697.3871,7815.7596,30.2224,207.5628
32,4,4,1,2,192.4692,1075.69,6736308,1169.0928,800.81005,7926.2634,32.2538,230.4628
16,32,1,1,2,192.3348,1882.338,6670846,1395.8474,807.1976,7350.8944,45.1314,189.0874
64,2,8,1,2,192.1168,1080.34,6730476,1200.1732,845.87,7915.3038,30.1566,231.8658
64,8,4,1,2,192.0036,1578.42,6670848,1411.346,634.6446,7481.86,35.5818,191.6982
16,2,4,1,2,191.9404,569.0206,6908562,1183.6298,822.19805,9158.137,41.7946,222.2602
64,2,16,1,2,191.7722,1889.502,6805904,1193.2656,827.9096,7483.3684,30.8794,242.1436
64,4,8,1,2,190.4676,1915.64,6735922,1242.7898,861.40905,7404.1886,29.4286,207.6886
32,16,2,1,2,190.263,1573.814,6731974,1343.5686,569.7275,7545.3394,38.2592,187.4114
64,1,8,1,2,188.8144,575.5398,6935314,1181.1186,865.43535,9159.366,30.838,251.5712
16,8,2,1,2,187.0754,1081.548,6894880,1181.817,895.06175,8078.3732,35.9178,227.2996
8,8,1,1,2,186.4506,586.571,6946552,1174.1896,815.75115,9128.7494,40.5342,241.7512
32,2,2,1,2,185.7738,433.2748,7066060,1210.0402,766.17795,10020.3474,35.2086,232.283
8,16,1,1,2,185.5296,1152.826,6986942,1216.9196,785.41935,8097.2962,39.8564,227.9926
64,4,2,1,2,185.0738,584.5906,6928316,1272.7824,822.61835,9117.9156,30.4872,201.603
4,16,2,1,2,184.6904,1774.476,6994562,1194.735,522.90675,7715.9202,49.1148,252.5014
64,1,32,1,2,182.638,1769.756,7046200,1224.8488,644.4872,7769.4752,30.9278,264.4566
32,16,1,1,2,181.8998,964.6854,7051844,1489.6396,741.10265,8378.7312,39.3634,189.3158
64,8,2,1,2,181.4736,904.8456,7064470,1553.1058,802.63065,8479.1128,37.1342,191.6638
8,16,2,1,2,181.442,1844.862,7111152,1220.7094,556.3161,7804.9806,42.813,228.8194
32,4,8,1,2,181.0156,1891.096,7100120,1207.6104,761.33225,7777.0344,33.3904,229.6602
8,8,2,1,2,180.6016,1068.862,7152276,1191.4374,842.6329,8349.821,41.9152,262.7774
64,4,1,1,2,179.088,432.9844,7151294,1248.6922,529.85765,10107.5318,31.9244,207.6142
64,8,1,1,2,178.2778,487.004,7205382,1367.3986,792.87035,9833.8124,35.6336,195.7358
8,8,4,1,2,177.269,1783.516,7270032,1250.7592,685.66415,7987.7212,40.3954,249.4978
4,16,1,1,2,174.6528,1138.448,7400792,1227.4372,467.1361,8525.1774,49.2046,263.678
32,4,1,1,2,171.718,430.545,7466094,1256.527,633.40835,10439.342,33.3634,216.5204
64,1,16,1,2,170.0758,1060.958,7599358,1263.2966,536.8833,8805.9518,32.9154,272.2058
32,32,1,1,2,169.2598,1417.576,7563584,1912.9776,205.90465,8466.5488,53.2084,165.3702
64,16,1,1,2,157.119,725.7122,8207288,2013.8364,564.13775,9971.1398,47.9822,175.029
16,1,1,1,2,134.9656,136.8918,9483904,1261.8404,535.8974,18834.3736,48.8604,227.304
8,1,1,1,2,134.256,136.1908,9534154,1248.267,268.0944,18932.7296,64.4806,231.2496
32,1,1,1,2,134.111,137.2782,9544344,1251.2248,615.58695,18868.4788,42.7454,227.6938
4,1,1,1,2,133.0144,134.867,9623060,1149.0324,573.08215,19113.899,93.8068,230.69
64,1,1,1,2,131.8002,137.4792,9711864,1236.9332,434.65055,19022.3538,31.9292,230.8044
2,1,1,1,2,128.8282,132.2012,9936006,1223.0948,414.97925,19618.2344,156.6178,235.8072
1,1,1,1,2,110.603825,128.534,12389625,1111.91025,-352.1877,22348.2095,59.115,205.98575